Hour,PULocationID,Dayofweek,Demanda
0,43,0,0.6
0,43,1,1.06
0,43,2,1.36
0,43,3,1.95
0,43,4,2.7
0,43,5,2.87
0,43,6,3.17
0,48,0,10.01
0,48,1,9.84
0,48,2,13.71
0,48,3,17.11
0,48,4,19.71
0,48,5,31.44
0,48,6,35.55
0,68,0,8.12
0,68,1,6.95
0,68,2,9.23
0,68,3,11.98
0,68,4,13.05
0,68,5,21.52
0,68,6,23.18
0,79,0,8.41
0,79,1,7.99
0,79,2,14.81
0,79,3,17.22
0,79,4,27.09
0,79,5,69.53
0,79,6,72.43
0,90,0,3.98
0,90,1,4.07
0,90,2,6.56
0,90,3,8.42
0,90,4,10.6
0,90,5,19.29
0,90,6,19.73
0,107,0,3.2
0,107,1,4.05
0,107,2,6.32
0,107,3,8.64
0,107,4,11.95
0,107,5,23.38
0,107,6,24.36
0,113,0,2.36
0,113,1,2.61
0,113,2,4.26
0,113,3,5.27
0,113,4,8.2
0,113,5,16.42
0,113,6,16.46
0,132,0,50.33
0,132,1,48.28
0,132,2,35.61
0,132,3,34.25
0,132,4,33.4
0,132,5,33.02
0,132,6,35.44
0,137,0,2.26
0,137,1,2.23
0,137,2,3.7
0,137,3,3.81
0,137,4,5.12
0,137,5,8.71
0,137,6,9.71
0,138,0,24.05
0,138,1,17.29
0,138,2,9.03
0,138,3,8.97
0,138,4,12.52
0,138,5,11.18
0,138,6,6.02
0,141,0,2.71
0,141,1,3.09
0,141,2,4.46
0,141,3,5.62
0,141,4,6.19
0,141,5,11.5
0,141,6,12.58
0,142,0,3.92
0,142,1,5.39
0,142,2,8.25
0,142,3,8.64
0,142,4,8.75
0,142,5,15.77
0,142,6,15.8
0,143,0,0.58
0,143,1,0.57
0,143,2,0.74
0,143,3,0.88
0,143,4,1.21
0,143,5,2.78
0,143,6,2.71
0,144,0,2.13
0,144,1,2.07
0,144,2,5.4
0,144,3,6.81
0,144,4,10.94
0,144,5,19.19
0,144,6,19.3
0,151,0,0.56
0,151,1,0.64
0,151,2,0.62
0,151,3,0.85
0,151,4,0.64
0,151,5,1.67
0,151,6,1.86
0,161,0,3.97
0,161,1,7.65
0,161,2,10.99
0,161,3,15.11
0,161,4,15.67
0,161,5,16.2
0,161,6,17.19
0,162,0,5.39
0,162,1,5.98
0,162,2,8.11
0,162,3,10.56
0,162,4,10.81
0,162,5,11.7
0,162,6,14.79
0,163,0,3.19
0,163,1,5.18
0,163,2,8.13
0,163,3,10.24
0,163,4,11.06
0,163,5,12.61
0,163,6,15.1
0,164,0,5.55
0,164,1,6.76
0,164,2,9.32
0,164,3,13.99
0,164,4,15.68
0,164,5,22.03
0,164,6,23.89
0,170,0,4.43
0,170,1,4.89
0,170,2,6.36
0,170,3,9.24
0,170,4,11.05
0,170,5,14.09
0,170,6,16.45
0,211,0,0.88
0,211,1,0.72
0,211,2,1.87
0,211,3,2.85
0,211,4,4.04
0,211,5,6.18
0,211,6,6.38
0,224,0,0.14
0,224,1,0.09
0,224,2,0.16
0,224,3,0.35
0,224,4,0.41
0,224,5,0.91
0,224,6,1.09
0,229,0,2.35
0,229,1,2.57
0,229,2,4.53
0,229,3,5.64
0,229,4,6.52
0,229,5,9.07
0,229,6,10.18
0,233,0,1.4
0,233,1,1.96
0,233,2,2.61
0,233,3,2.87
0,233,4,3.36
0,233,5,5.02
0,233,6,5.27
0,234,0,4.02
0,234,1,5.77
0,234,2,8.98
0,234,3,12.16
0,234,4,14.49
0,234,5,23.65
0,234,6,23.62
0,236,0,1.81
0,236,1,1.71
0,236,2,2.39
0,236,3,2.58
0,236,4,3.62
0,236,5,5.15
0,236,6,6.36
0,237,0,3.53
0,237,1,4.3
0,237,2,6.17
0,237,3,8.36
0,237,4,8.39
0,237,5,10.69
0,237,6,13.6
0,239,0,2.1
0,239,1,2.38
0,239,2,3.09
0,239,3,4.14
0,239,4,4.89
0,239,5,9.88
0,239,6,10.81
0,249,0,9.33
0,249,1,9.08
0,249,2,15.23
0,249,3,21.51
0,249,4,32.34
0,249,5,62.9
0,249,6,58.88
0,263,0,2.29
0,263,1,2.8
0,263,2,3.96
0,263,3,4.28
0,263,4,6.33
0,263,5,11.1
0,263,6,15.41
1,43,0,0.22
1,43,1,0.28
1,43,2,0.39
1,43,3,0.5
1,43,4,0.6
1,43,5,1.2
1,43,6,1.44
1,48,0,6.74
1,48,1,5.47
1,48,2,7.62
1,48,3,9.58
1,48,4,13.35
1,48,5,26.33
1,48,6,31.29
1,68,0,3.6
1,68,1,3.24
1,68,2,3.62
1,68,3,6.04
1,68,4,7.87
1,68,5,15.64
1,68,6,18.52
1,79,0,5.67
1,79,1,4.35
1,79,2,9.26
1,79,3,10.18
1,79,4,19.83
1,79,5,75.97
1,79,6,83.45
1,90,0,2.85
1,90,1,2.5
1,90,2,3.31
1,90,3,4.59
1,90,4,6.15
1,90,5,15.63
1,90,6,16.4
1,107,0,2.0
1,107,1,1.76
1,107,2,2.85
1,107,3,4.54
1,107,4,6.77
1,107,5,19.49
1,107,6,22.63
1,113,0,1.28
1,113,1,1.02
1,113,2,2.02
1,113,3,1.98
1,113,4,3.74
1,113,5,13.46
1,113,6,12.89
1,132,0,21.96
1,132,1,19.82
1,132,2,11.24
1,132,3,12.81
1,132,4,16.88
1,132,5,14.27
1,132,6,15.3
1,137,0,1.26
1,137,1,1.34
1,137,2,1.89
1,137,3,2.29
1,137,4,2.9
1,137,5,6.82
1,137,6,8.18
1,138,0,3.57
1,138,1,4.57
1,138,2,0.91
1,138,3,0.7
1,138,4,2.53
1,138,5,1.89
1,138,6,1.5
1,141,0,1.52
1,141,1,1.75
1,141,2,2.36
1,141,3,2.8
1,141,4,3.95
1,141,5,7.87
1,141,6,9.13
1,142,0,1.62
1,142,1,1.8
1,142,2,2.74
1,142,3,3.09
1,142,4,4.03
1,142,5,7.03
1,142,6,8.09
1,143,0,0.28
1,143,1,0.33
1,143,2,0.36
1,143,3,0.54
1,143,4,0.6
1,143,5,1.45
1,143,6,1.41
1,144,0,1.21
1,144,1,1.12
1,144,2,2.49
1,144,3,3.9
1,144,4,9.48
1,144,5,21.33
1,144,6,24.14
1,151,0,0.24
1,151,1,0.28
1,151,2,0.29
1,151,3,0.28
1,151,4,0.34
1,151,5,0.81
1,151,6,0.95
1,161,0,1.81
1,161,1,2.99
1,161,2,4.07
1,161,3,5.31
1,161,4,5.54
1,161,5,7.04
1,161,6,9.24
1,162,0,2.32
1,162,1,3.03
1,162,2,3.94
1,162,3,4.22
1,162,4,4.71
1,162,5,6.9
1,162,6,7.74
1,163,0,1.76
1,163,1,1.8
1,163,2,3.12
1,163,3,3.99
1,163,4,5.18
1,163,5,8.61
1,163,6,10.35
1,164,0,2.93
1,164,1,3.69
1,164,2,5.05
1,164,3,6.49
1,164,4,9.36
1,164,5,16.12
1,164,6,18.36
1,170,0,2.6
1,170,1,2.37
1,170,2,2.96
1,170,3,3.78
1,170,4,5.33
1,170,5,9.64
1,170,6,11.75
1,211,0,0.35
1,211,1,0.13
1,211,2,0.53
1,211,3,1.23
1,211,4,3.12
1,211,5,6.85
1,211,6,6.05
1,224,0,0.11
1,224,1,0.02
1,224,2,0.13
1,224,3,0.23
1,224,4,0.23
1,224,5,0.87
1,224,6,1.07
1,229,0,1.31
1,229,1,1.6
1,229,2,2.39
1,229,3,2.81
1,229,4,3.66
1,229,5,6.03
1,229,6,7.61
1,233,0,0.72
1,233,1,0.78
1,233,2,1.23
1,233,3,1.49
1,233,4,1.83
1,233,5,3.15
1,233,6,3.11
1,234,0,2.37
1,234,1,1.94
1,234,2,3.41
1,234,3,5.56
1,234,4,7.87
1,234,5,18.13
1,234,6,18.69
1,236,0,0.57
1,236,1,0.67
1,236,2,1.02
1,236,3,1.09
1,236,4,1.46
1,236,5,2.67
1,236,6,2.88
1,237,0,1.01
1,237,1,1.08
1,237,2,2.17
1,237,3,2.85
1,237,4,3.41
1,237,5,5.67
1,237,6,6.72
1,239,0,1.08
1,239,1,1.08
1,239,2,1.44
1,239,3,1.47
1,239,4,2.0
1,239,5,5.46
1,239,6,6.18
1,249,0,6.27
1,249,1,5.28
1,249,2,9.1
1,249,3,11.72
1,249,4,20.74
1,249,5,60.01
1,249,6,62.02
1,263,0,1.45
1,263,1,1.43
1,263,2,2.17
1,263,3,2.36
1,263,4,4.57
1,263,5,8.57
1,263,6,10.62
2,43,0,0.07
2,43,1,0.03
2,43,2,0.2
2,43,3,0.23
2,43,4,0.2
2,43,5,0.5
2,43,6,0.49
2,48,0,4.55
2,48,1,3.79
2,48,2,4.55
2,48,3,6.85
2,48,4,8.47
2,48,5,21.21
2,48,6,23.66
2,68,0,2.21
2,68,1,2.22
2,68,2,2.36
2,68,3,4.58
2,68,4,5.39
2,68,5,11.95
2,68,6,13.84
2,79,0,3.52
2,79,1,2.7
2,79,2,6.53
2,79,3,6.04
2,79,4,12.53
2,79,5,61.63
2,79,6,64.17
2,90,0,1.69
2,90,1,1.37
2,90,2,1.99
2,90,3,2.49
2,90,4,4.19
2,90,5,11.18
2,90,6,12.29
2,107,0,1.13
2,107,1,0.97
2,107,2,1.65
2,107,3,2.56
2,107,4,3.55
2,107,5,14.07
2,107,6,15.43
2,113,0,0.56
2,113,1,0.44
2,113,2,0.9
2,113,3,0.93
2,113,4,1.9
2,113,5,8.96
2,113,6,8.53
2,132,0,9.8
2,132,1,7.22
2,132,2,3.99
2,132,3,3.42
2,132,4,6.44
2,132,5,4.91
2,132,6,5.76
2,137,0,0.72
2,137,1,0.69
2,137,2,0.86
2,137,3,1.27
2,137,4,1.52
2,137,5,4.39
2,137,6,5.1
2,138,0,0.95
2,138,1,1.34
2,138,2,0.12
2,138,3,0.17
2,138,4,1.22
2,138,5,0.54
2,138,6,0.78
2,141,0,1.15
2,141,1,1.16
2,141,2,1.38
2,141,3,1.77
2,141,4,2.46
2,141,5,4.94
2,141,6,5.78
2,142,0,0.61
2,142,1,0.63
2,142,2,0.83
2,142,3,0.95
2,142,4,1.2
2,142,5,2.66
2,142,6,2.97
2,143,0,0.33
2,143,1,0.22
2,143,2,0.22
2,143,3,0.21
2,143,4,0.3
2,143,5,0.54
2,143,6,0.7
2,144,0,0.75
2,144,1,0.46
2,144,2,1.33
2,144,3,1.94
2,144,4,6.28
2,144,5,17.89
2,144,6,19.83
2,151,0,0.2
2,151,1,0.1
2,151,2,0.23
2,151,3,0.21
2,151,4,0.21
2,151,5,0.39
2,151,6,0.49
2,161,0,0.83
2,161,1,1.07
2,161,2,1.65
2,161,3,1.93
2,161,4,2.36
2,161,5,3.58
2,161,6,3.34
2,162,0,0.6
2,162,1,1.48
2,162,2,1.56
2,162,3,2.1
2,162,4,2.62
2,162,5,3.85
2,162,6,4.15
2,163,0,1.03
2,163,1,1.32
2,163,2,1.65
2,163,3,1.96
2,163,4,2.96
2,163,5,5.18
2,163,6,6.43
2,164,0,1.49
2,164,1,1.77
2,164,2,2.42
2,164,3,3.03
2,164,4,4.94
2,164,5,10.27
2,164,6,11.74
2,170,0,0.89
2,170,1,1.06
2,170,2,1.28
2,170,3,1.61
2,170,4,2.6
2,170,5,5.82
2,170,6,6.51
2,211,0,0.21
2,211,1,0.11
2,211,2,0.3
2,211,3,0.59
2,211,4,1.68
2,211,5,5.0
2,211,6,5.19
2,224,0,0.12
2,224,1,0.04
2,224,2,0.09
2,224,3,0.05
2,224,4,0.14
2,224,5,0.72
2,224,6,0.76
2,229,0,0.85
2,229,1,0.93
2,229,2,1.03
2,229,3,1.76
2,229,4,2.08
2,229,5,4.22
2,229,6,4.61
2,233,0,0.48
2,233,1,0.4
2,233,2,0.56
2,233,3,0.71
2,233,4,0.86
2,233,5,2.0
2,233,6,2.01
2,234,0,0.91
2,234,1,0.75
2,234,2,1.76
2,234,3,2.53
2,234,4,3.17
2,234,5,11.2
2,234,6,11.24
2,236,0,0.25
2,236,1,0.28
2,236,2,0.35
2,236,3,0.46
2,236,4,0.52
2,236,5,1.2
2,236,6,1.14
2,237,0,0.26
2,237,1,0.56
2,237,2,1.0
2,237,3,1.38
2,237,4,1.57
2,237,5,2.43
2,237,6,2.62
2,239,0,0.46
2,239,1,0.41
2,239,2,0.56
2,239,3,0.6
2,239,4,1.02
2,239,5,2.79
2,239,6,2.98
2,249,0,4.08
2,249,1,3.4
2,249,2,5.59
2,249,3,6.44
2,249,4,11.96
2,249,5,44.54
2,249,6,42.23
2,263,0,1.07
2,263,1,0.82
2,263,2,1.55
2,263,3,1.38
2,263,4,2.45
2,263,5,5.47
2,263,6,6.79
3,43,0,0.07
3,43,1,0.09
3,43,2,0.07
3,43,3,0.11
3,43,4,0.13
3,43,5,0.38
3,43,6,0.24
3,48,0,3.7
3,48,1,2.92
3,48,2,3.93
3,48,3,4.35
3,48,4,6.97
3,48,5,15.76
3,48,6,18.57
3,68,0,1.57
3,68,1,1.36
3,68,2,1.57
3,68,3,2.78
3,68,4,4.09
3,68,5,11.37
3,68,6,12.19
3,79,0,2.79
3,79,1,1.62
3,79,2,4.53
3,79,3,3.97
3,79,4,8.66
3,79,5,40.48
3,79,6,42.64
3,90,0,1.27
3,90,1,0.86
3,90,2,1.27
3,90,3,1.49
3,90,4,2.59
3,90,5,6.63
3,90,6,8.47
3,107,0,0.83
3,107,1,0.89
3,107,2,0.99
3,107,3,1.65
3,107,4,1.73
3,107,5,7.53
3,107,6,8.83
3,113,0,0.38
3,113,1,0.33
3,113,2,0.37
3,113,3,0.4
3,113,4,0.9
3,113,5,4.95
3,113,6,4.6
3,132,0,4.55
3,132,1,3.35
3,132,2,1.92
3,132,3,2.29
3,132,4,2.35
3,132,5,2.58
3,132,6,2.1
3,137,0,0.41
3,137,1,0.72
3,137,2,0.83
3,137,3,0.77
3,137,4,1.12
3,137,5,3.32
3,137,6,3.93
3,138,0,0.21
3,138,1,0.26
3,138,2,0.03
3,138,3,0.07
3,138,4,0.21
3,138,5,0.07
3,138,6,0.05
3,141,0,0.96
3,141,1,0.78
3,141,2,1.02
3,141,3,1.26
3,141,4,1.55
3,141,5,3.42
3,141,6,3.53
3,142,0,0.39
3,142,1,0.49
3,142,2,0.42
3,142,3,0.44
3,142,4,0.49
3,142,5,1.41
3,142,6,1.28
3,143,0,0.05
3,143,1,0.14
3,143,2,0.11
3,143,3,0.21
3,143,4,0.14
3,143,5,0.3
3,143,6,0.39
3,144,0,0.39
3,144,1,0.25
3,144,2,0.51
3,144,3,0.89
3,144,4,3.89
3,144,5,13.15
3,144,6,15.0
3,151,0,0.12
3,151,1,0.11
3,151,2,0.03
3,151,3,0.11
3,151,4,0.09
3,151,5,0.33
3,151,6,0.44
3,161,0,0.91
3,161,1,0.88
3,161,2,1.19
3,161,3,1.09
3,161,4,1.62
3,161,5,2.41
3,161,6,2.59
3,162,0,0.64
3,162,1,0.89
3,162,2,1.0
3,162,3,1.03
3,162,4,1.23
3,162,5,2.22
3,162,6,2.35
3,163,0,0.78
3,163,1,0.96
3,163,2,1.02
3,163,3,1.46
3,163,4,1.92
3,163,5,3.8
3,163,6,5.0
3,164,0,1.02
3,164,1,1.24
3,164,2,1.9
3,164,3,2.26
3,164,4,3.28
3,164,5,7.76
3,164,6,8.74
3,170,0,0.87
3,170,1,0.7
3,170,2,0.9
3,170,3,1.09
3,170,4,1.56
3,170,5,4.12
3,170,6,3.8
3,211,0,0.1
3,211,1,0.07
3,211,2,0.09
3,211,3,0.27
3,211,4,0.88
3,211,5,2.3
3,211,6,3.06
3,224,0,0.07
3,224,1,0.04
3,224,2,0.05
3,224,3,0.08
3,224,4,0.16
3,224,5,0.56
3,224,6,0.45
3,229,0,0.46
3,229,1,0.49
3,229,2,0.81
3,229,3,0.91
3,229,4,1.44
3,229,5,2.58
3,229,6,3.04
3,233,0,0.4
3,233,1,0.36
3,233,2,0.58
3,233,3,0.53
3,233,4,0.86
3,233,5,1.49
3,233,6,1.22
3,234,0,0.69
3,234,1,0.35
3,234,2,1.0
3,234,3,1.33
3,234,4,1.55
3,234,5,6.23
3,234,6,7.21
3,236,0,0.19
3,236,1,0.32
3,236,2,0.26
3,236,3,0.28
3,236,4,0.34
3,236,5,0.76
3,236,6,0.59
3,237,0,0.3
3,237,1,0.34
3,237,2,0.48
3,237,3,0.54
3,237,4,0.56
3,237,5,1.3
3,237,6,1.24
3,239,0,0.25
3,239,1,0.22
3,239,2,0.47
3,239,3,0.44
3,239,4,0.56
3,239,5,1.07
3,239,6,1.34
3,249,0,2.57
3,249,1,1.8
3,249,2,2.97
3,249,3,3.61
3,249,4,7.11
3,249,5,24.83
3,249,6,25.0
3,263,0,0.79
3,263,1,0.71
3,263,2,0.73
3,263,3,1.11
3,263,4,1.25
3,263,5,3.55
3,263,6,4.31
4,43,0,0.23
4,43,1,0.22
4,43,2,0.14
4,43,3,0.2
4,43,4,0.24
4,43,5,0.27
4,43,6,0.27
4,48,0,3.75
4,48,1,2.95
4,48,2,3.53
4,48,3,4.1
4,48,4,5.05
4,48,5,10.1
4,48,6,12.72
4,68,0,1.47
4,68,1,1.08
4,68,2,1.11
4,68,3,2.15
4,68,4,2.32
4,68,5,5.93
4,68,6,8.0
4,79,0,2.13
4,79,1,1.39
4,79,2,2.44
4,79,3,2.5
4,79,4,3.83
4,79,5,15.8
4,79,6,16.9
4,90,0,1.27
4,90,1,1.06
4,90,2,1.0
4,90,3,1.11
4,90,4,2.01
4,90,5,3.9
4,90,6,5.33
4,107,0,0.9
4,107,1,1.02
4,107,2,1.02
4,107,3,1.7
4,107,4,1.46
4,107,5,3.94
4,107,6,5.0
4,113,0,0.36
4,113,1,0.25
4,113,2,0.37
4,113,3,0.44
4,113,4,0.65
4,113,5,1.88
4,113,6,1.89
4,132,0,3.56
4,132,1,2.95
4,132,2,3.32
4,132,3,2.67
4,132,4,2.99
4,132,5,3.28
4,132,6,2.71
4,137,0,0.79
4,137,1,0.7
4,137,2,0.73
4,137,3,0.88
4,137,4,1.14
4,137,5,2.15
4,137,6,2.53
4,138,0,0.17
4,138,1,0.34
4,138,2,0.19
4,138,3,0.15
4,138,4,0.17
4,138,5,0.11
4,138,6,0.26
4,141,0,1.34
4,141,1,1.24
4,141,2,1.2
4,141,3,1.71
4,141,4,1.94
4,141,5,2.5
4,141,6,3.05
4,142,0,0.59
4,142,1,0.83
4,142,2,0.86
4,142,3,0.86
4,142,4,0.62
4,142,5,1.12
4,142,6,1.18
4,143,0,0.13
4,143,1,0.13
4,143,2,0.21
4,143,3,0.29
4,143,4,0.15
4,143,5,0.22
4,143,6,0.42
4,144,0,0.17
4,144,1,0.14
4,144,2,0.26
4,144,3,0.52
4,144,4,2.08
4,144,5,6.27
4,144,6,7.12
4,151,0,0.26
4,151,1,0.26
4,151,2,0.16
4,151,3,0.3
4,151,4,0.26
4,151,5,0.35
4,151,6,0.35
4,161,0,1.74
4,161,1,1.38
4,161,2,1.75
4,161,3,1.93
4,161,4,2.04
4,161,5,1.98
4,161,6,2.33
4,162,0,1.26
4,162,1,1.26
4,162,2,1.26
4,162,3,1.6
4,162,4,2.01
4,162,5,1.74
4,162,6,2.3
4,163,0,1.32
4,163,1,1.18
4,163,2,1.49
4,163,3,1.62
4,163,4,1.96
4,163,5,2.83
4,163,6,3.38
4,164,0,1.33
4,164,1,1.21
4,164,2,1.58
4,164,3,2.17
4,164,4,2.91
4,164,5,5.68
4,164,6,6.7
4,170,0,1.15
4,170,1,0.81
4,170,2,1.06
4,170,3,1.46
4,170,4,1.52
4,170,5,2.58
4,170,6,3.05
4,211,0,0.09
4,211,1,0.09
4,211,2,0.02
4,211,3,0.07
4,211,4,0.2
4,211,5,1.09
4,211,6,1.19
4,224,0,0.03
4,224,1,0.03
4,224,2,0.1
4,224,3,0.08
4,224,4,0.09
4,224,5,0.44
4,224,6,0.26
4,229,0,0.83
4,229,1,0.87
4,229,2,0.94
4,229,3,0.95
4,229,4,1.28
4,229,5,2.04
4,229,6,2.37
4,233,0,0.83
4,233,1,0.75
4,233,2,0.66
4,233,3,0.97
4,233,4,1.1
4,233,5,1.25
4,233,6,1.22
4,234,0,0.53
4,234,1,0.33
4,234,2,0.79
4,234,3,0.72
4,234,4,1.32
4,234,5,2.64
4,234,6,3.77
4,236,0,0.61
4,236,1,0.7
4,236,2,0.66
4,236,3,0.51
4,236,4,0.59
4,236,5,0.57
4,236,6,0.74
4,237,0,0.77
4,237,1,0.65
4,237,2,0.69
4,237,3,0.57
4,237,4,0.91
4,237,5,0.97
4,237,6,1.03
4,239,0,0.64
4,239,1,0.63
4,239,2,0.79
4,239,3,0.84
4,239,4,0.81
4,239,5,1.03
4,239,6,1.39
4,249,0,1.38
4,249,1,1.12
4,249,2,1.44
4,249,3,2.0
4,249,4,2.76
4,249,5,8.51
4,249,6,9.2
4,263,0,1.22
4,263,1,0.81
4,263,2,1.18
4,263,3,1.28
4,263,4,1.21
4,263,5,2.21
4,263,6,2.58
5,43,0,0.41
5,43,1,0.51
5,43,2,0.57
5,43,3,0.61
5,43,4,0.52
5,43,5,0.34
5,43,6,0.3
5,48,0,6.53
5,48,1,7.22
5,48,2,6.73
5,48,3,6.62
5,48,4,5.68
5,48,5,4.36
5,48,6,4.91
5,68,0,1.93
5,68,1,2.06
5,68,2,1.97
5,68,3,2.12
5,68,4,1.84
5,68,5,1.73
5,68,6,2.1
5,79,0,1.4
5,79,1,1.04
5,79,2,1.45
5,79,3,1.39
5,79,4,1.4
5,79,5,2.93
5,79,6,3.07
5,90,0,1.18
5,90,1,1.08
5,90,2,1.13
5,90,3,1.47
5,90,4,1.21
5,90,5,1.62
5,90,6,2.18
5,107,0,2.0
5,107,1,1.94
5,107,2,2.09
5,107,3,2.1
5,107,4,2.07
5,107,5,2.13
5,107,6,2.18
5,113,0,0.34
5,113,1,0.46
5,113,2,0.44
5,113,3,0.5
5,113,4,0.41
5,113,5,0.64
5,113,6,0.76
5,132,0,14.58
5,132,1,12.84
5,132,2,13.06
5,132,3,13.28
5,132,4,11.56
5,132,5,9.47
5,132,6,10.58
5,137,0,1.2
5,137,1,0.96
5,137,2,0.96
5,137,3,1.2
5,137,4,1.04
5,137,5,0.93
5,137,6,1.22
5,138,0,0.36
5,138,1,0.21
5,138,2,0.14
5,138,3,0.2
5,138,4,0.16
5,138,5,0.17
5,138,6,0.19
5,141,0,2.05
5,141,1,2.34
5,141,2,2.67
5,141,3,2.74
5,141,4,2.26
5,141,5,1.32
5,141,6,1.45
5,142,0,1.83
5,142,1,1.75
5,142,2,1.56
5,142,3,1.75
5,142,4,1.48
5,142,5,1.34
5,142,6,1.78
5,143,0,0.88
5,143,1,0.93
5,143,2,1.07
5,143,3,1.12
5,143,4,0.89
5,143,5,0.49
5,143,6,0.32
5,144,0,0.07
5,144,1,0.08
5,144,2,0.12
5,144,3,0.16
5,144,4,0.19
5,144,5,0.5
5,144,6,0.97
5,151,0,0.6
5,151,1,0.94
5,151,2,0.85
5,151,3,0.94
5,151,4,0.61
5,151,5,0.32
5,151,6,0.26
5,161,0,2.83
5,161,1,2.57
5,161,2,2.87
5,161,3,3.43
5,161,4,3.3
5,161,5,2.02
5,161,6,2.68
5,162,0,4.46
5,162,1,5.01
5,162,2,5.29
5,162,3,4.63
5,162,4,4.38
5,162,5,1.83
5,162,6,2.54
5,163,0,2.0
5,163,1,1.63
5,163,2,2.09
5,163,3,2.32
5,163,4,2.46
5,163,5,1.9
5,163,6,2.71
5,164,0,1.62
5,164,1,1.3
5,164,2,1.6
5,164,3,1.56
5,164,4,1.82
5,164,5,2.01
5,164,6,3.21
5,170,0,2.26
5,170,1,2.15
5,170,2,2.46
5,170,3,2.51
5,170,4,2.39
5,170,5,1.93
5,170,6,2.02
5,211,0,0.15
5,211,1,0.08
5,211,2,0.08
5,211,3,0.05
5,211,4,0.14
5,211,5,0.21
5,211,6,0.19
5,224,0,0.1
5,224,1,0.09
5,224,2,0.11
5,224,3,0.14
5,224,4,0.14
5,224,5,0.12
5,224,6,0.12
5,229,0,1.48
5,229,1,1.46
5,229,2,1.75
5,229,3,1.92
5,229,4,1.63
5,229,5,1.39
5,229,6,1.2
5,233,0,1.22
5,233,1,1.56
5,233,2,1.55
5,233,3,1.77
5,233,4,1.72
5,233,5,1.02
5,233,6,1.38
5,234,0,0.89
5,234,1,0.66
5,234,2,0.67
5,234,3,0.83
5,234,4,1.0
5,234,5,1.01
5,234,6,1.35
5,236,0,1.98
5,236,1,2.75
5,236,2,2.35
5,236,3,2.11
5,236,4,2.0
5,236,5,0.77
5,236,6,0.91
5,237,0,1.7
5,237,1,2.19
5,237,2,2.36
5,237,3,2.18
5,237,4,1.55
5,237,5,1.15
5,237,6,0.88
5,239,0,2.36
5,239,1,2.63
5,239,2,2.38
5,239,3,2.78
5,239,4,2.6
5,239,5,0.99
5,239,6,1.32
5,249,0,1.06
5,249,1,0.82
5,249,2,1.03
5,249,3,1.12
5,249,4,1.06
5,249,5,1.33
5,249,6,1.98
5,263,0,2.55
5,263,1,3.22
5,263,2,2.86
5,263,3,2.97
5,263,4,2.82
5,263,5,1.46
5,263,6,1.86
6,43,0,1.87
6,43,1,2.33
6,43,2,2.26
6,43,3,2.18
6,43,4,1.57
6,43,5,0.91
6,43,6,0.78
6,48,0,13.28
6,48,1,14.75
6,48,2,14.08
6,48,3,14.01
6,48,4,11.92
6,48,5,5.44
6,48,6,4.98
6,68,0,4.23
6,68,1,4.67
6,68,2,4.91
6,68,3,5.25
6,68,4,3.98
6,68,5,2.97
6,68,6,2.68
6,79,0,3.22
6,79,1,3.41
6,79,2,3.74
6,79,3,4.26
6,79,4,3.81
6,79,5,2.29
6,79,6,2.63
6,90,0,2.94
6,90,1,3.29
6,90,2,2.96
6,90,3,3.27
6,90,4,2.66
6,90,5,1.81
6,90,6,1.67
6,107,0,5.9
6,107,1,6.89
6,107,2,6.94
6,107,3,6.87
6,107,4,5.89
6,107,5,3.34
6,107,6,3.32
6,113,0,2.02
6,113,1,2.37
6,113,2,1.85
6,113,3,1.99
6,113,4,1.83
6,113,5,0.69
6,113,6,0.52
6,132,0,36.95
6,132,1,33.65
6,132,2,28.83
6,132,3,31.78
6,132,4,29.44
6,132,5,23.91
6,132,6,23.9
6,137,0,2.66
6,137,1,2.98
6,137,2,3.64
6,137,3,3.01
6,137,4,2.83
6,137,5,1.61
6,137,6,1.37
6,138,0,1.06
6,138,1,0.85
6,138,2,0.79
6,138,3,0.66
6,138,4,0.85
6,138,5,0.45
6,138,6,0.49
6,141,0,7.66
6,141,1,8.73
6,141,2,9.6
6,141,3,8.88
6,141,4,6.8
6,141,5,3.05
6,141,6,2.48
6,142,0,5.56
6,142,1,6.62
6,142,2,6.24
6,142,3,6.36
6,142,4,4.81
6,142,5,2.72
6,142,6,3.07
6,143,0,3.1
6,143,1,3.94
6,143,2,3.46
6,143,3,3.7
6,143,4,2.6
6,143,5,1.04
6,143,6,1.1
6,144,0,0.25
6,144,1,0.28
6,144,2,0.24
6,144,3,0.23
6,144,4,0.28
6,144,5,0.26
6,144,6,0.35
6,151,0,2.7
6,151,1,3.75
6,151,2,3.42
6,151,3,3.29
6,151,4,2.48
6,151,5,1.14
6,151,6,1.25
6,161,0,7.37
6,161,1,7.89
6,161,2,8.34
6,161,3,8.2
6,161,4,6.74
6,161,5,3.09
6,161,6,3.9
6,162,0,12.17
6,162,1,13.44
6,162,2,12.53
6,162,3,12.56
6,162,4,10.22
6,162,5,5.19
6,162,6,4.66
6,163,0,3.93
6,163,1,3.41
6,163,2,3.93
6,163,3,4.47
6,163,4,3.75
6,163,5,2.75
6,163,6,3.38
6,164,0,3.53
6,164,1,3.79
6,164,2,3.68
6,164,3,3.86
6,164,4,3.32
6,164,5,2.29
6,164,6,2.58
6,170,0,6.46
6,170,1,7.74
6,170,2,7.83
6,170,3,7.97
6,170,4,6.39
6,170,5,3.05
6,170,6,2.92
6,211,0,0.15
6,211,1,0.19
6,211,2,0.32
6,211,3,0.23
6,211,4,0.19
6,211,5,0.13
6,211,6,0.16
6,224,0,0.47
6,224,1,0.42
6,224,2,0.52
6,224,3,0.34
6,224,4,0.34
6,224,5,0.34
6,224,6,0.23
6,229,0,4.84
6,229,1,5.72
6,229,2,5.05
6,229,3,5.7
6,229,4,4.15
6,229,5,2.86
6,229,6,2.23
6,233,0,3.32
6,233,1,4.02
6,233,2,4.4
6,233,3,4.23
6,233,4,3.53
6,233,5,1.78
6,233,6,1.73
6,234,0,2.74
6,234,1,2.86
6,234,2,3.42
6,234,3,3.0
6,234,4,2.48
6,234,5,1.11
6,234,6,1.27
6,236,0,11.23
6,236,1,14.31
6,236,2,13.7
6,236,3,13.44
6,236,4,9.25
6,236,5,3.05
6,236,6,2.56
6,237,0,6.61
6,237,1,8.82
6,237,2,8.85
6,237,3,8.49
6,237,4,6.43
6,237,5,2.61
6,237,6,2.39
6,239,0,6.51
6,239,1,7.64
6,239,2,8.6
6,239,3,8.29
6,239,4,6.14
6,239,5,2.73
6,239,6,2.64
6,249,0,2.94
6,249,1,3.41
6,249,2,3.77
6,249,3,3.33
6,249,4,2.58
6,249,5,1.56
6,249,6,1.22
6,263,0,7.36
6,263,1,8.69
6,263,2,8.82
6,263,3,9.23
6,263,4,7.61
6,263,5,3.71
6,263,6,3.33
7,43,0,5.64
7,43,1,7.49
7,43,2,7.41
7,43,3,7.48
7,43,4,5.12
7,43,5,1.99
7,43,6,1.72
7,48,0,15.26
7,48,1,18.57
7,48,2,18.87
7,48,3,18.39
7,48,4,12.84
7,48,5,7.06
7,48,6,6.6
7,68,0,7.68
7,68,1,11.01
7,68,2,10.86
7,68,3,11.03
7,68,4,8.15
7,68,5,4.11
7,68,6,3.11
7,79,0,6.03
7,79,1,6.73
7,79,2,7.56
7,79,3,7.8
7,79,4,6.43
7,79,5,3.38
7,79,6,2.92
7,90,0,6.11
7,90,1,7.28
7,90,2,8.12
7,90,3,7.64
7,90,4,5.89
7,90,5,3.31
7,90,6,3.07
7,107,0,11.85
7,107,1,15.53
7,107,2,16.39
7,107,3,15.85
7,107,4,11.77
7,107,5,4.85
7,107,6,4.36
7,113,0,5.3
7,113,1,6.13
7,113,2,6.61
7,113,3,7.11
7,113,4,4.14
7,113,5,1.39
7,113,6,1.24
7,132,0,37.7
7,132,1,34.23
7,132,2,29.08
7,132,3,30.79
7,132,4,29.93
7,132,5,25.15
7,132,6,24.83
7,137,0,5.79
7,137,1,7.42
7,137,2,7.38
7,137,3,7.65
7,137,4,6.06
7,137,5,4.29
7,137,6,3.37
7,138,0,12.04
7,138,1,12.93
7,138,2,11.19
7,138,3,9.32
7,138,4,7.35
7,138,5,1.93
7,138,6,2.26
7,141,0,16.99
7,141,1,20.22
7,141,2,22.13
7,141,3,21.16
7,141,4,16.68
7,141,5,6.77
7,141,6,4.9
7,142,0,15.04
7,142,1,20.53
7,142,2,18.48
7,142,3,18.74
7,142,4,13.94
7,142,5,5.47
7,142,6,4.55
7,143,0,8.06
7,143,1,11.0
7,143,2,10.55
7,143,3,10.5
7,143,4,7.69
7,143,5,2.18
7,143,6,2.24
7,144,0,0.83
7,144,1,0.93
7,144,2,0.95
7,144,3,1.09
7,144,4,0.74
7,144,5,0.35
7,144,6,0.27
7,151,0,7.09
7,151,1,9.35
7,151,2,9.52
7,151,3,9.27
7,151,4,7.07
7,151,5,2.57
7,151,6,2.88
7,161,0,14.26
7,161,1,17.75
7,161,2,19.09
7,161,3,18.31
7,161,4,12.12
7,161,5,5.05
7,161,6,6.07
7,162,0,21.43
7,162,1,26.33
7,162,2,26.94
7,162,3,25.51
7,162,4,17.33
7,162,5,6.64
7,162,6,6.23
7,163,0,8.39
7,163,1,9.98
7,163,2,11.35
7,163,3,11.65
7,163,4,8.22
7,163,5,4.45
7,163,6,5.38
7,164,0,7.24
7,164,1,9.11
7,164,2,8.85
7,164,3,9.7
7,164,4,6.85
7,164,5,3.33
7,164,6,3.8
7,170,0,14.53
7,170,1,18.39
7,170,2,18.99
7,170,3,18.96
7,170,4,13.76
7,170,5,5.5
7,170,6,4.65
7,211,0,0.36
7,211,1,0.49
7,211,2,0.6
7,211,3,0.72
7,211,4,0.46
7,211,5,0.41
7,211,6,0.24
7,224,0,0.82
7,224,1,1.21
7,224,2,1.26
7,224,3,1.18
7,224,4,0.97
7,224,5,0.39
7,224,6,0.29
7,229,0,11.34
7,229,1,16.02
7,229,2,16.16
7,229,3,15.52
7,229,4,12.1
7,229,5,5.58
7,229,6,4.17
7,233,0,6.63
7,233,1,7.96
7,233,2,8.49
7,233,3,8.28
7,233,4,6.62
7,233,5,3.69
7,233,6,3.93
7,234,0,7.22
7,234,1,9.16
7,234,2,9.69
7,234,3,10.01
7,234,4,7.12
7,234,5,2.84
7,234,6,2.57
7,236,0,34.31
7,236,1,46.11
7,236,2,47.45
7,236,3,43.26
7,236,4,30.25
7,236,5,7.29
7,236,6,6.23
7,237,0,25.84
7,237,1,31.84
7,237,2,33.5
7,237,3,31.42
7,237,4,22.65
7,237,5,6.56
7,237,6,5.86
7,239,0,16.21
7,239,1,21.69
7,239,2,21.28
7,239,3,22.14
7,239,4,15.1
7,239,5,6.42
7,239,6,5.72
7,249,0,6.9
7,249,1,9.1
7,249,2,9.5
7,249,3,8.98
7,249,4,5.96
7,249,5,2.05
7,249,6,1.68
7,263,0,14.26
7,263,1,18.06
7,263,2,18.3
7,263,3,17.71
7,263,4,13.91
7,263,5,6.87
7,263,6,4.9
8,43,0,8.2
8,43,1,10.92
8,43,2,11.87
8,43,3,11.44
8,43,4,8.3
8,43,5,3.91
8,43,6,3.73
8,48,0,15.91
8,48,1,19.76
8,48,2,21.42
8,48,3,20.65
8,48,4,14.93
8,48,5,11.31
8,48,6,10.03
8,68,0,15.19
8,68,1,18.65
8,68,2,19.22
8,68,3,19.05
8,68,4,13.22
8,68,5,7.59
8,68,6,6.46
8,79,0,8.04
8,79,1,11.09
8,79,2,11.77
8,79,3,11.85
8,79,4,8.27
8,79,5,5.01
8,79,6,4.18
8,90,0,8.53
8,90,1,12.57
8,90,2,13.23
8,90,3,12.22
8,90,4,8.72
8,90,5,5.67
8,90,6,4.96
8,107,0,14.71
8,107,1,20.25
8,107,2,21.07
8,107,3,19.46
8,107,4,14.92
8,107,5,8.21
8,107,6,6.43
8,113,0,7.73
8,113,1,10.46
8,113,2,11.21
8,113,3,10.32
8,113,4,6.84
8,113,5,3.23
8,113,6,2.9
8,132,0,31.88
8,132,1,28.46
8,132,2,25.1
8,132,3,28.11
8,132,4,25.52
8,132,5,24.07
8,132,6,22.2
8,137,0,7.38
8,137,1,9.14
8,137,2,9.35
8,137,3,9.18
8,137,4,7.84
8,137,5,4.59
8,137,6,3.06
8,138,0,25.77
8,138,1,28.52
8,138,2,22.95
8,138,3,21.54
8,138,4,17.35
8,138,5,6.3
8,138,6,6.42
8,141,0,20.61
8,141,1,26.39
8,141,2,26.25
8,141,3,24.83
8,141,4,19.61
8,141,5,12.19
8,141,6,7.62
8,142,0,20.95
8,142,1,27.37
8,142,2,27.06
8,142,3,25.86
8,142,4,18.99
8,142,5,10.54
8,142,6,8.99
8,143,0,12.15
8,143,1,15.02
8,143,2,16.08
8,143,3,15.37
8,143,4,11.5
8,143,5,5.41
8,143,6,4.11
8,144,0,1.16
8,144,1,2.3
8,144,2,2.31
8,144,3,2.43
8,144,4,1.38
8,144,5,0.84
8,144,6,0.73
8,151,0,9.52
8,151,1,11.85
8,151,2,11.85
8,151,3,11.18
8,151,4,8.14
8,151,5,4.53
8,151,6,4.09
8,161,0,21.02
8,161,1,26.73
8,161,2,27.17
8,161,3,26.65
8,161,4,17.82
8,161,5,10.35
8,161,6,10.19
8,162,0,27.83
8,162,1,35.24
8,162,2,35.64
8,162,3,34.27
8,162,4,23.59
8,162,5,11.24
8,162,6,9.57
8,163,0,13.79
8,163,1,17.33
8,163,2,18.35
8,163,3,17.59
8,163,4,13.25
8,163,5,9.01
8,163,6,8.28
8,164,0,10.01
8,164,1,13.89
8,164,2,14.94
8,164,3,15.06
8,164,4,10.88
8,164,5,6.19
8,164,6,6.07
8,170,0,21.3
8,170,1,28.98
8,170,2,29.77
8,170,3,27.78
8,170,4,18.87
8,170,5,10.63
8,170,6,8.12
8,211,0,0.7
8,211,1,1.19
8,211,2,1.15
8,211,3,0.96
8,211,4,0.78
8,211,5,0.47
8,211,6,0.37
8,224,0,1.16
8,224,1,1.27
8,224,2,1.5
8,224,3,1.23
8,224,4,1.23
8,224,5,0.75
8,224,6,0.41
8,229,0,17.2
8,229,1,23.35
8,229,2,24.14
8,229,3,23.18
8,229,4,15.51
8,229,5,8.35
8,229,6,6.35
8,233,0,9.4
8,233,1,12.33
8,233,2,12.17
8,233,3,12.46
8,233,4,8.71
8,233,5,5.68
8,233,6,5.03
8,234,0,11.58
8,234,1,15.34
8,234,2,16.9
8,234,3,16.33
8,234,4,10.96
8,234,5,5.71
8,234,6,4.11
8,236,0,44.25
8,236,1,62.2
8,236,2,62.37
8,236,3,58.63
8,236,4,41.16
8,236,5,15.04
8,236,6,11.44
8,237,0,34.93
8,237,1,45.78
8,237,2,47.09
8,237,3,44.93
8,237,4,30.13
8,237,5,12.36
8,237,6,9.22
8,239,0,22.33
8,239,1,30.02
8,239,2,31.08
8,239,3,29.63
8,239,4,22.89
8,239,5,13.43
8,239,6,10.27
8,249,0,10.68
8,249,1,13.59
8,249,2,14.09
8,249,3,13.54
8,249,4,9.09
8,249,5,4.69
8,249,6,3.04
8,263,0,16.8
8,263,1,21.38
8,263,2,20.48
8,263,3,19.88
8,263,4,17.17
8,263,5,10.1
8,263,6,7.56
9,43,0,10.6
9,43,1,12.82
9,43,2,13.39
9,43,3,13.18
9,43,4,10.45
9,43,5,7.86
9,43,6,7.26
9,48,0,17.81
9,48,1,19.18
9,48,2,20.17
9,48,3,20.21
9,48,4,16.09
9,48,5,15.07
9,48,6,14.63
9,68,0,18.38
9,68,1,23.3
9,68,2,21.94
9,68,3,21.82
9,68,4,16.65
9,68,5,13.87
9,68,6,11.16
9,79,0,9.43
9,79,1,12.1
9,79,2,12.35
9,79,3,12.51
9,79,4,9.61
9,79,5,7.78
9,79,6,6.23
9,90,0,10.0
9,90,1,14.61
9,90,2,14.48
9,90,3,14.63
9,90,4,10.21
9,90,5,9.69
9,90,6,7.83
9,107,0,14.82
9,107,1,20.54
9,107,2,22.24
9,107,3,20.07
9,107,4,15.18
9,107,5,12.54
9,107,6,10.07
9,113,0,8.7
9,113,1,11.56
9,113,2,12.17
9,113,3,11.44
9,113,4,8.45
9,113,5,5.72
9,113,6,4.57
9,132,0,27.97
9,132,1,27.83
9,132,2,22.12
9,132,3,24.19
9,132,4,23.88
9,132,5,18.95
9,132,6,22.75
9,137,0,7.47
9,137,1,9.53
9,137,2,10.32
9,137,3,9.83
9,137,4,7.14
9,137,5,4.9
9,137,6,4.66
9,138,0,39.14
9,138,1,42.31
9,138,2,37.21
9,138,3,37.09
9,138,4,32.9
9,138,5,17.37
9,138,6,18.73
9,141,0,20.49
9,141,1,26.0
9,141,2,27.57
9,141,3,25.45
9,141,4,20.0
9,141,5,17.59
9,141,6,13.68
9,142,0,21.57
9,142,1,29.26
9,142,2,27.51
9,142,3,27.17
9,142,4,20.65
9,142,5,17.51
9,142,6,14.63
9,143,0,10.73
9,143,1,14.46
9,143,2,14.58
9,143,3,13.42
9,143,4,11.1
9,143,5,7.91
9,143,6,7.01
9,144,0,1.89
9,144,1,2.35
9,144,2,2.67
9,144,3,2.73
9,144,4,2.05
9,144,5,1.47
9,144,6,1.88
9,151,0,8.16
9,151,1,10.1
9,151,2,9.33
9,151,3,9.14
9,151,4,8.06
9,151,5,6.31
9,151,6,5.91
9,161,0,27.27
9,161,1,34.58
9,161,2,34.74
9,161,3,34.62
9,161,4,25.96
9,161,5,17.16
9,161,6,18.16
9,162,0,31.25
9,162,1,39.48
9,162,2,39.77
9,162,3,37.8
9,162,4,27.12
9,162,5,18.03
9,162,6,15.76
9,163,0,18.49
9,163,1,20.88
9,163,2,22.41
9,163,3,21.47
9,163,4,17.4
9,163,5,14.68
9,163,6,14.19
9,164,0,13.47
9,164,1,17.93
9,164,2,17.62
9,164,3,17.85
9,164,4,13.55
9,164,5,9.89
9,164,6,10.25
9,170,0,25.24
9,170,1,33.5
9,170,2,33.25
9,170,3,31.51
9,170,4,23.15
9,170,5,15.66
9,170,6,13.59
9,211,0,1.07
9,211,1,1.36
9,211,2,1.6
9,211,3,1.37
9,211,4,1.06
9,211,5,0.82
9,211,6,0.89
9,224,0,1.12
9,224,1,1.35
9,224,2,1.39
9,224,3,1.68
9,224,4,1.27
9,224,5,0.99
9,224,6,0.78
9,229,0,17.34
9,229,1,21.85
9,229,2,23.86
9,229,3,22.83
9,229,4,16.78
9,229,5,12.78
9,229,6,10.68
9,233,0,10.18
9,233,1,12.94
9,233,2,13.59
9,233,3,12.41
9,233,4,10.42
9,233,5,8.63
9,233,6,7.77
9,234,0,13.09
9,234,1,18.32
9,234,2,19.48
9,234,3,18.46
9,234,4,12.91
9,234,5,10.05
9,234,6,7.69
9,236,0,44.82
9,236,1,57.96
9,236,2,60.62
9,236,3,56.05
9,236,4,42.29
9,236,5,24.12
9,236,6,20.04
9,237,0,40.62
9,237,1,55.12
9,237,2,55.86
9,237,3,53.58
9,237,4,39.26
9,237,5,22.42
9,237,6,18.57
9,239,0,23.78
9,239,1,29.2
9,239,2,29.55
9,239,3,27.51
9,239,4,24.56
9,239,5,20.22
9,239,6,16.53
9,249,0,8.41
9,249,1,12.77
9,249,2,13.59
9,249,3,13.13
9,249,4,8.47
9,249,5,7.72
9,249,6,5.41
9,263,0,16.87
9,263,1,20.15
9,263,2,21.01
9,263,3,19.65
9,263,4,17.26
9,263,5,15.07
9,263,6,11.75
10,43,0,12.45
10,43,1,15.54
10,43,2,15.32
10,43,3,16.09
10,43,4,12.77
10,43,5,12.15
10,43,6,11.03
10,48,0,16.79
10,48,1,18.38
10,48,2,19.56
10,48,3,19.38
10,48,4,16.15
10,48,5,18.28
10,48,6,18.68
10,68,0,20.19
10,68,1,25.24
10,68,2,25.87
10,68,3,25.81
10,68,4,20.56
10,68,5,17.64
10,68,6,16.79
10,79,0,8.42
10,79,1,9.55
10,79,2,9.95
10,79,3,10.69
10,79,4,8.43
10,79,5,10.75
10,79,6,10.48
10,90,0,10.48
10,90,1,14.27
10,90,2,14.76
10,90,3,13.57
10,90,4,12.23
10,90,5,11.99
10,90,6,10.99
10,107,0,13.87
10,107,1,16.96
10,107,2,18.83
10,107,3,17.91
10,107,4,14.19
10,107,5,15.13
10,107,6,14.03
10,113,0,8.25
10,113,1,11.47
10,113,2,11.24
10,113,3,11.35
10,113,4,8.76
10,113,5,7.6
10,113,6,7.43
10,132,0,27.81
10,132,1,27.82
10,132,2,22.49
10,132,3,25.32
10,132,4,24.27
10,132,5,21.33
10,132,6,28.46
10,137,0,8.08
10,137,1,9.7
10,137,2,10.15
10,137,3,9.68
10,137,4,8.23
10,137,5,5.87
10,137,6,5.31
10,138,0,44.35
10,138,1,45.56
10,138,2,44.39
10,138,3,45.7
10,138,4,40.48
10,138,5,27.01
10,138,6,28.7
10,141,0,20.4
10,141,1,24.12
10,141,2,25.23
10,141,3,24.97
10,141,4,19.72
10,141,5,22.17
10,141,6,18.84
10,142,0,23.41
10,142,1,28.99
10,142,2,28.47
10,142,3,28.37
10,142,4,23.89
10,142,5,22.57
10,142,6,19.3
10,143,0,10.06
10,143,1,14.6
10,143,2,13.19
10,143,3,13.53
10,143,4,11.09
10,143,5,9.68
10,143,6,8.27
10,144,0,2.26
10,144,1,3.17
10,144,2,3.07
10,144,3,3.42
10,144,4,2.88
10,144,5,3.09
10,144,6,2.76
10,151,0,8.36
10,151,1,9.33
10,151,2,9.56
10,151,3,8.78
10,151,4,8.14
10,151,5,8.54
10,151,6,7.97
10,161,0,33.1
10,161,1,41.27
10,161,2,40.93
10,161,3,43.4
10,161,4,32.72
10,161,5,25.44
10,161,6,24.75
10,162,0,29.32
10,162,1,37.48
10,162,2,36.97
10,162,3,36.06
10,162,4,27.6
10,162,5,24.71
10,162,6,23.13
10,163,0,22.37
10,163,1,25.69
10,163,2,26.37
10,163,3,25.98
10,163,4,22.83
10,163,5,19.72
10,163,6,19.39
10,164,0,16.14
10,164,1,19.07
10,164,2,19.99
10,164,3,19.81
10,164,4,15.29
10,164,5,13.66
10,164,6,14.05
10,170,0,26.58
10,170,1,33.71
10,170,2,34.47
10,170,3,33.09
10,170,4,25.23
10,170,5,21.57
10,170,6,20.68
10,211,0,1.12
10,211,1,1.55
10,211,2,1.47
10,211,3,1.86
10,211,4,1.39
10,211,5,1.53
10,211,6,1.18
10,224,0,0.97
10,224,1,1.12
10,224,2,1.26
10,224,3,1.47
10,224,4,1.01
10,224,5,1.03
10,224,6,0.72
10,229,0,16.94
10,229,1,22.27
10,229,2,22.49
10,229,3,22.73
10,229,4,16.39
10,229,5,16.33
10,229,6,14.53
10,233,0,11.32
10,233,1,13.54
10,233,2,13.35
10,233,3,13.2
10,233,4,10.46
10,233,5,11.07
10,233,6,10.92
10,234,0,14.28
10,234,1,19.83
10,234,2,21.26
10,234,3,19.62
10,234,4,15.86
10,234,5,15.07
10,234,6,12.24
10,236,0,44.95
10,236,1,56.41
10,236,2,58.58
10,236,3,56.28
10,236,4,42.19
10,236,5,32.75
10,236,6,28.12
10,237,0,43.52
10,237,1,56.68
10,237,2,58.95
10,237,3,58.28
10,237,4,42.09
10,237,5,34.47
10,237,6,25.46
10,239,0,25.08
10,239,1,29.63
10,239,2,29.94
10,239,3,31.11
10,239,4,26.1
10,239,5,26.18
10,239,6,24.31
10,249,0,8.18
10,249,1,12.2
10,249,2,11.79
10,249,3,12.23
10,249,4,10.07
10,249,5,10.15
10,249,6,8.59
10,263,0,15.85
10,263,1,18.57
10,263,2,19.76
10,263,3,18.97
10,263,4,16.36
10,263,5,18.39
10,263,6,14.7
11,43,0,15.67
11,43,1,19.17
11,43,2,18.87
11,43,3,20.13
11,43,4,16.18
11,43,5,16.31
11,43,6,15.42
11,48,0,16.24
11,48,1,17.39
11,48,2,18.12
11,48,3,19.05
11,48,4,15.86
11,48,5,19.35
11,48,6,18.37
11,68,0,21.59
11,68,1,24.4
11,68,2,26.59
11,68,3,27.37
11,68,4,21.69
11,68,5,25.44
11,68,6,23.93
11,79,0,7.96
11,79,1,9.15
11,79,2,9.41
11,79,3,9.81
11,79,4,9.63
11,79,5,12.88
11,79,6,11.94
11,90,0,11.01
11,90,1,14.17
11,90,2,14.3
11,90,3,14.68
11,90,4,13.06
11,90,5,14.89
11,90,6,13.41
11,107,0,13.56
11,107,1,15.84
11,107,2,18.24
11,107,3,17.69
11,107,4,14.41
11,107,5,17.97
11,107,6,15.22
11,113,0,9.43
11,113,1,11.37
11,113,2,12.89
11,113,3,12.51
11,113,4,9.83
11,113,5,10.51
11,113,6,9.01
11,132,0,30.35
11,132,1,26.74
11,132,2,28.1
11,132,3,27.47
11,132,4,23.88
11,132,5,24.13
11,132,6,27.08
11,137,0,9.26
11,137,1,11.01
11,137,2,10.57
11,137,3,11.17
11,137,4,8.72
11,137,5,7.21
11,137,6,6.85
11,138,0,41.37
11,138,1,44.93
11,138,2,45.51
11,138,3,45.6
11,138,4,40.39
11,138,5,20.13
11,138,6,26.53
11,141,0,21.17
11,141,1,25.84
11,141,2,24.91
11,141,3,25.28
11,141,4,20.25
11,141,5,22.92
11,141,6,20.96
11,142,0,26.02
11,142,1,30.42
11,142,2,30.3
11,142,3,30.68
11,142,4,26.52
11,142,5,28.5
11,142,6,25.29
11,143,0,10.07
11,143,1,11.9
11,143,2,12.07
11,143,3,13.19
11,143,4,10.72
11,143,5,10.43
11,143,6,9.73
11,144,0,3.15
11,144,1,4.08
11,144,2,3.93
11,144,3,3.67
11,144,4,3.7
11,144,5,4.6
11,144,6,4.03
11,151,0,7.21
11,151,1,8.99
11,151,2,9.06
11,151,3,8.86
11,151,4,7.77
11,151,5,7.93
11,151,6,8.23
11,161,0,38.78
11,161,1,48.8
11,161,2,51.55
11,161,3,51.53
11,161,4,40.36
11,161,5,32.13
11,161,6,31.55
11,162,0,31.82
11,162,1,39.26
11,162,2,39.61
11,162,3,38.87
11,162,4,30.61
11,162,5,30.58
11,162,6,27.59
11,163,0,25.17
11,163,1,29.49
11,163,2,29.82
11,163,3,30.19
11,163,4,25.14
11,163,5,22.71
11,163,6,22.13
11,164,0,17.83
11,164,1,21.78
11,164,2,23.59
11,164,3,22.58
11,164,4,18.69
11,164,5,16.39
11,164,6,16.82
11,170,0,27.54
11,170,1,34.76
11,170,2,36.11
11,170,3,35.09
11,170,4,25.07
11,170,5,24.54
11,170,6,23.72
11,211,0,1.62
11,211,1,1.77
11,211,2,2.2
11,211,3,2.22
11,211,4,1.82
11,211,5,2.2
11,211,6,1.92
11,224,0,0.87
11,224,1,1.12
11,224,2,1.02
11,224,3,1.35
11,224,4,0.93
11,224,5,1.08
11,224,6,1.06
11,229,0,16.97
11,229,1,21.9
11,229,2,21.72
11,229,3,21.63
11,229,4,17.25
11,229,5,17.4
11,229,6,16.76
11,233,0,10.79
11,233,1,13.0
11,233,2,14.27
11,233,3,13.57
11,233,4,10.64
11,233,5,11.42
11,233,6,11.78
11,234,0,17.59
11,234,1,24.01
11,234,2,24.75
11,234,3,23.7
11,234,4,18.35
11,234,5,19.94
11,234,6,16.94
11,236,0,46.43
11,236,1,58.72
11,236,2,59.56
11,236,3,56.89
11,236,4,44.69
11,236,5,38.6
11,236,6,32.46
11,237,0,46.58
11,237,1,62.28
11,237,2,62.57
11,237,3,60.97
11,237,4,46.28
11,237,5,38.78
11,237,6,32.22
11,239,0,26.27
11,239,1,29.38
11,239,2,30.79
11,239,3,29.95
11,239,4,25.25
11,239,5,27.37
11,239,6,28.5
11,249,0,7.96
11,249,1,10.61
11,249,2,11.31
11,249,3,10.94
11,249,4,9.32
11,249,5,11.83
11,249,6,11.07
11,263,0,14.99
11,263,1,18.03
11,263,2,18.06
11,263,3,17.79
11,263,4,16.11
11,263,5,19.02
11,263,6,17.58
12,43,0,18.86
12,43,1,23.07
12,43,2,22.16
12,43,3,24.98
12,43,4,20.98
12,43,5,22.67
12,43,6,20.23
12,48,0,15.76
12,48,1,18.5
12,48,2,19.23
12,48,3,18.79
12,48,4,15.0
12,48,5,20.31
12,48,6,19.09
12,68,0,21.07
12,68,1,26.46
12,68,2,27.58
12,68,3,27.91
12,68,4,22.3
12,68,5,27.09
12,68,6,25.91
12,79,0,8.49
12,79,1,9.81
12,79,2,10.92
12,79,3,10.46
12,79,4,10.7
12,79,5,15.39
12,79,6,12.97
12,90,0,11.44
12,90,1,14.45
12,90,2,14.98
12,90,3,15.13
12,90,4,13.1
12,90,5,16.54
12,90,6,13.59
12,107,0,14.05
12,107,1,17.95
12,107,2,19.82
12,107,3,18.12
12,107,4,15.31
12,107,5,19.83
12,107,6,17.29
12,113,0,10.38
12,113,1,12.2
12,113,2,13.57
12,113,3,12.94
12,113,4,10.85
12,113,5,13.23
12,113,6,10.89
12,132,0,37.04
12,132,1,33.28
12,132,2,34.72
12,132,3,32.73
12,132,4,30.62
12,132,5,27.27
12,132,6,36.62
12,137,0,9.5
12,137,1,11.93
12,137,2,11.46
12,137,3,11.45
12,137,4,9.16
12,137,5,8.26
12,137,6,6.75
12,138,0,44.2
12,138,1,44.08
12,138,2,44.49
12,138,3,45.93
12,138,4,40.28
12,138,5,27.17
12,138,6,35.79
12,141,0,21.91
12,141,1,26.87
12,141,2,26.55
12,141,3,26.35
12,141,4,19.88
12,141,5,23.97
12,141,6,23.51
12,142,0,27.39
12,142,1,31.72
12,142,2,33.73
12,142,3,34.52
12,142,4,27.5
12,142,5,29.97
12,142,6,28.68
12,143,0,9.93
12,143,1,12.77
12,143,2,13.39
12,143,3,13.13
12,143,4,10.37
12,143,5,11.04
12,143,6,10.25
12,144,0,4.64
12,144,1,5.21
12,144,2,5.63
12,144,3,5.59
12,144,4,4.78
12,144,5,6.65
12,144,6,5.87
12,151,0,7.96
12,151,1,9.97
12,151,2,10.3
12,151,3,9.34
12,151,4,8.94
12,151,5,9.31
12,151,6,8.9
12,161,0,43.15
12,161,1,55.0
12,161,2,56.61
12,161,3,58.86
12,161,4,43.71
12,161,5,35.59
12,161,6,34.33
12,162,0,32.31
12,162,1,39.06
12,162,2,40.91
12,162,3,40.54
12,162,4,30.65
12,162,5,30.29
12,162,6,28.96
12,163,0,25.78
12,163,1,31.94
12,163,2,33.27
12,163,3,34.76
12,163,4,26.6
12,163,5,25.34
12,163,6,23.19
12,164,0,19.55
12,164,1,25.11
12,164,2,24.74
12,164,3,25.53
12,164,4,19.47
12,164,5,18.45
12,164,6,17.31
12,170,0,28.89
12,170,1,36.86
12,170,2,39.19
12,170,3,37.74
12,170,4,27.6
12,170,5,27.47
12,170,6,26.77
12,211,0,1.63
12,211,1,2.13
12,211,2,2.5
12,211,3,2.85
12,211,4,2.29
12,211,5,3.43
12,211,6,2.35
12,224,0,0.72
12,224,1,1.02
12,224,2,1.44
12,224,3,1.24
12,224,4,0.78
12,224,5,1.33
12,224,6,1.15
12,229,0,17.22
12,229,1,21.57
12,229,2,23.03
12,229,3,22.15
12,229,4,16.72
12,229,5,19.74
12,229,6,17.93
12,233,0,11.09
12,233,1,13.08
12,233,2,14.52
12,233,3,14.94
12,233,4,10.98
12,233,5,12.29
12,233,6,12.69
12,234,0,19.26
12,234,1,26.68
12,234,2,28.57
12,234,3,28.75
12,234,4,20.81
12,234,5,24.56
12,234,6,19.91
12,236,0,50.42
12,236,1,61.93
12,236,2,62.59
12,236,3,61.6
12,236,4,48.11
12,236,5,44.99
12,236,6,41.12
12,237,0,53.68
12,237,1,68.86
12,237,2,68.62
12,237,3,68.08
12,237,4,48.99
12,237,5,47.15
12,237,6,37.39
12,239,0,26.64
12,239,1,33.27
12,239,2,32.5
12,239,3,31.78
12,239,4,28.11
12,239,5,31.18
12,239,6,32.11
12,249,0,9.19
12,249,1,11.86
12,249,2,12.51
12,249,3,12.78
12,249,4,10.56
12,249,5,14.54
12,249,6,13.0
12,263,0,15.81
12,263,1,18.46
12,263,2,18.32
12,263,3,18.77
12,263,4,16.28
12,263,5,19.62
12,263,6,18.45
13,43,0,22.77
13,43,1,23.84
13,43,2,19.72
13,43,3,24.91
13,43,4,21.51
13,43,5,23.37
13,43,6,22.2
13,48,0,15.62
13,48,1,18.21
13,48,2,19.05
13,48,3,18.25
13,48,4,14.46
13,48,5,19.45
13,48,6,18.95
13,68,0,23.41
13,68,1,28.58
13,68,2,29.87
13,68,3,27.74
13,68,4,23.39
13,68,5,29.4
13,68,6,26.31
13,79,0,9.5
13,79,1,10.86
13,79,2,10.22
13,79,3,10.84
13,79,4,12.22
13,79,5,17.11
13,79,6,13.55
13,90,0,11.78
13,90,1,14.9
13,90,2,16.43
13,90,3,15.03
13,90,4,12.91
13,90,5,17.74
13,90,6,15.5
13,107,0,14.78
13,107,1,18.6
13,107,2,20.78
13,107,3,18.73
13,107,4,15.63
13,107,5,19.05
13,107,6,16.67
13,113,0,10.83
13,113,1,13.11
13,113,2,13.86
13,113,3,13.14
13,113,4,11.58
13,113,5,13.69
13,113,6,11.96
13,132,0,48.73
13,132,1,43.25
13,132,2,43.85
13,132,3,44.01
13,132,4,42.56
13,132,5,39.57
13,132,6,47.59
13,137,0,9.34
13,137,1,11.79
13,137,2,11.89
13,137,3,10.99
13,137,4,8.28
13,137,5,7.99
13,137,6,6.55
13,138,0,44.54
13,138,1,44.42
13,138,2,45.07
13,138,3,45.32
13,138,4,41.17
13,138,5,24.56
13,138,6,39.53
13,141,0,23.1
13,141,1,25.85
13,141,2,25.94
13,141,3,25.78
13,141,4,20.67
13,141,5,24.83
13,141,6,22.98
13,142,0,28.15
13,142,1,34.4
13,142,2,35.18
13,142,3,32.3
13,142,4,27.85
13,142,5,32.89
13,142,6,29.04
13,143,0,10.47
13,143,1,12.08
13,143,2,12.92
13,143,3,11.38
13,143,4,10.99
13,143,5,11.0
13,143,6,11.57
13,144,0,5.56
13,144,1,6.37
13,144,2,6.69
13,144,3,6.66
13,144,4,5.9
13,144,5,8.94
13,144,6,7.92
13,151,0,8.34
13,151,1,10.12
13,151,2,9.88
13,151,3,9.02
13,151,4,8.51
13,151,5,10.02
13,151,6,8.77
13,161,0,46.87
13,161,1,60.51
13,161,2,62.06
13,161,3,62.16
13,161,4,47.32
13,161,5,38.92
13,161,6,33.78
13,162,0,32.18
13,162,1,41.43
13,162,2,42.35
13,162,3,39.21
13,162,4,31.23
13,162,5,29.48
13,162,6,26.93
13,163,0,27.41
13,163,1,35.26
13,163,2,35.48
13,163,3,35.05
13,163,4,26.9
13,163,5,27.8
13,163,6,22.58
13,164,0,20.0
13,164,1,24.4
13,164,2,25.23
13,164,3,24.81
13,164,4,19.58
13,164,5,19.26
13,164,6,16.49
13,170,0,29.05
13,170,1,36.46
13,170,2,38.51
13,170,3,34.85
13,170,4,26.81
13,170,5,26.15
13,170,6,24.44
13,211,0,2.15
13,211,1,2.26
13,211,2,2.71
13,211,3,2.53
13,211,4,2.49
13,211,5,3.45
13,211,6,2.91
13,224,0,0.81
13,224,1,1.1
13,224,2,0.93
13,224,3,1.0
13,224,4,0.82
13,224,5,1.12
13,224,6,1.02
13,229,0,17.15
13,229,1,21.35
13,229,2,21.89
13,229,3,20.93
13,229,4,15.82
13,229,5,19.32
13,229,6,17.24
13,233,0,11.7
13,233,1,14.67
13,233,2,14.71
13,233,3,15.1
13,233,4,11.98
13,233,5,11.85
13,233,6,10.52
13,234,0,21.33
13,234,1,29.3
13,234,2,32.74
13,234,3,29.02
13,234,4,22.76
13,234,5,28.48
13,234,6,20.77
13,236,0,50.62
13,236,1,59.11
13,236,2,57.34
13,236,3,54.49
13,236,4,45.78
13,236,5,43.91
13,236,6,39.04
13,237,0,55.53
13,237,1,69.01
13,237,2,69.56
13,237,3,64.11
13,237,4,49.47
13,237,5,47.79
13,237,6,40.63
13,239,0,29.21
13,239,1,32.54
13,239,2,32.47
13,239,3,29.72
13,239,4,28.68
13,239,5,33.88
13,239,6,33.26
13,249,0,10.51
13,249,1,12.7
13,249,2,12.14
13,249,3,11.77
13,249,4,10.84
13,249,5,16.65
13,249,6,14.51
13,263,0,15.48
13,263,1,18.15
13,263,2,18.0
13,263,3,17.45
13,263,4,16.3
13,263,5,19.2
13,263,6,17.56
14,43,0,26.34
14,43,1,27.79
14,43,2,23.39
14,43,3,27.25
14,43,4,27.14
14,43,5,26.93
14,43,6,23.98
14,48,0,15.93
14,48,1,17.98
14,48,2,19.46
14,48,3,18.23
14,48,4,16.67
14,48,5,18.22
14,48,6,19.39
14,68,0,25.02
14,68,1,29.11
14,68,2,31.2
14,68,3,28.56
14,68,4,26.8
14,68,5,30.54
14,68,6,29.1
14,79,0,9.09
14,79,1,11.0
14,79,2,11.38
14,79,3,11.69
14,79,4,13.15
14,79,5,17.88
14,79,6,14.65
14,90,0,12.6
14,90,1,16.25
14,90,2,16.49
14,90,3,14.56
14,90,4,14.0
14,90,5,15.91
14,90,6,15.15
14,107,0,14.82
14,107,1,18.64
14,107,2,19.72
14,107,3,18.09
14,107,4,17.89
14,107,5,19.21
14,107,6,16.29
14,113,0,11.56
14,113,1,13.21
14,113,2,14.85
14,113,3,13.52
14,113,4,13.1
14,113,5,13.93
14,113,6,11.99
14,132,0,61.73
14,132,1,62.58
14,132,2,57.87
14,132,3,55.5
14,132,4,52.48
14,132,5,53.01
14,132,6,60.22
14,137,0,9.84
14,137,1,12.65
14,137,2,12.52
14,137,3,11.55
14,137,4,10.49
14,137,5,7.77
14,137,6,6.03
14,138,0,49.62
14,138,1,49.49
14,138,2,55.2
14,138,3,53.7
14,138,4,49.09
14,138,5,27.93
14,138,6,44.16
14,141,0,24.04
14,141,1,27.72
14,141,2,28.13
14,141,3,24.21
14,141,4,23.68
14,141,5,23.03
14,141,6,21.88
14,142,0,31.36
14,142,1,36.69
14,142,2,37.3
14,142,3,34.78
14,142,4,32.1
14,142,5,32.1
14,142,6,32.26
14,143,0,11.33
14,143,1,13.43
14,143,2,13.84
14,143,3,12.57
14,143,4,12.78
14,143,5,9.5
14,143,6,11.79
14,144,0,6.87
14,144,1,7.59
14,144,2,7.61
14,144,3,7.72
14,144,4,8.24
14,144,5,9.87
14,144,6,9.07
14,151,0,8.43
14,151,1,8.89
14,151,2,9.39
14,151,3,8.67
14,151,4,8.67
14,151,5,8.64
14,151,6,8.88
14,161,0,53.32
14,161,1,70.37
14,161,2,69.82
14,161,3,67.05
14,161,4,56.35
14,161,5,41.98
14,161,6,35.34
14,162,0,36.74
14,162,1,45.58
14,162,2,46.63
14,162,3,42.72
14,162,4,35.59
14,162,5,28.17
14,162,6,28.43
14,163,0,31.12
14,163,1,39.57
14,163,2,38.64
14,163,3,37.71
14,163,4,30.45
14,163,5,26.49
14,163,6,24.95
14,164,0,20.69
14,164,1,27.68
14,164,2,26.36
14,164,3,25.44
14,164,4,20.81
14,164,5,20.05
14,164,6,17.05
14,170,0,30.79
14,170,1,38.05
14,170,2,39.08
14,170,3,36.45
14,170,4,27.35
14,170,5,25.29
14,170,6,22.99
14,211,0,2.45
14,211,1,2.73
14,211,2,3.07
14,211,3,2.88
14,211,4,2.71
14,211,5,3.73
14,211,6,2.99
14,224,0,0.71
14,224,1,1.03
14,224,2,0.88
14,224,3,0.99
14,224,4,1.09
14,224,5,0.98
14,224,6,1.12
14,229,0,16.83
14,229,1,21.32
14,229,2,21.32
14,229,3,19.94
14,229,4,16.46
14,229,5,15.72
14,229,6,15.64
14,233,0,11.89
14,233,1,13.38
14,233,2,14.4
14,233,3,14.18
14,233,4,11.53
14,233,5,10.22
14,233,6,10.37
14,234,0,24.43
14,234,1,32.34
14,234,2,34.63
14,234,3,31.72
14,234,4,27.25
14,234,5,29.97
14,234,6,23.69
14,236,0,53.11
14,236,1,64.55
14,236,2,60.96
14,236,3,60.39
14,236,4,51.34
14,236,5,42.04
14,236,6,38.86
14,237,0,60.17
14,237,1,77.51
14,237,2,75.45
14,237,3,73.14
14,237,4,58.75
14,237,5,48.65
14,237,6,43.45
14,239,0,30.39
14,239,1,35.95
14,239,2,34.66
14,239,3,33.9
14,239,4,31.38
14,239,5,31.23
14,239,6,32.99
14,249,0,10.58
14,249,1,13.83
14,249,2,13.86
14,249,3,13.22
14,249,4,12.47
14,249,5,18.0
14,249,6,15.78
14,263,0,17.21
14,263,1,19.07
14,263,2,19.14
14,263,3,17.61
14,263,4,17.44
14,263,5,18.2
14,263,6,17.53
15,43,0,27.24
15,43,1,29.48
15,43,2,23.19
15,43,3,31.4
15,43,4,28.16
15,43,5,30.42
15,43,6,24.49
15,48,0,16.92
15,48,1,18.45
15,48,2,19.66
15,48,3,17.45
15,48,4,16.74
15,48,5,20.51
15,48,6,19.61
15,68,0,26.55
15,68,1,30.06
15,68,2,31.52
15,68,3,31.33
15,68,4,27.57
15,68,5,31.02
15,68,6,27.49
15,79,0,9.53
15,79,1,10.38
15,79,2,11.01
15,79,3,12.03
15,79,4,13.81
15,79,5,18.72
15,79,6,15.27
15,90,0,12.65
15,90,1,15.78
15,90,2,16.83
15,90,3,16.42
15,90,4,15.61
15,90,5,18.65
15,90,6,15.65
15,107,0,15.53
15,107,1,18.24
15,107,2,19.85
15,107,3,19.54
15,107,4,18.36
15,107,5,19.99
15,107,6,15.3
15,113,0,12.67
15,113,1,14.45
15,113,2,14.99
15,113,3,15.44
15,113,4,13.77
15,113,5,15.94
15,113,6,13.72
15,132,0,74.31
15,132,1,72.07
15,132,2,67.64
15,132,3,65.15
15,132,4,62.54
15,132,5,59.36
15,132,6,71.91
15,137,0,10.49
15,137,1,12.65
15,137,2,13.54
15,137,3,12.8
15,137,4,10.61
15,137,5,8.25
15,137,6,6.65
15,138,0,47.66
15,138,1,46.32
15,138,2,47.87
15,138,3,49.55
15,138,4,44.69
15,138,5,29.63
15,138,6,44.8
15,141,0,24.27
15,141,1,27.41
15,141,2,28.19
15,141,3,26.52
15,141,4,23.45
15,141,5,22.45
15,141,6,20.99
15,142,0,31.4
15,142,1,35.56
15,142,2,36.92
15,142,3,36.73
15,142,4,32.21
15,142,5,35.62
15,142,6,31.35
15,143,0,12.33
15,143,1,15.34
15,143,2,13.9
15,143,3,14.32
15,143,4,12.57
15,143,5,9.38
15,143,6,10.79
15,144,0,7.16
15,144,1,7.29
15,144,2,8.17
15,144,3,8.1
15,144,4,9.19
15,144,5,12.21
15,144,6,10.0
15,151,0,7.68
15,151,1,7.92
15,151,2,9.19
15,151,3,8.64
15,151,4,8.85
15,151,5,7.89
15,151,6,8.2
15,161,0,57.61
15,161,1,71.69
15,161,2,69.06
15,161,3,71.1
15,161,4,55.44
15,161,5,45.18
15,161,6,36.98
15,162,0,36.24
15,162,1,44.19
15,162,2,44.94
15,162,3,44.96
15,162,4,33.32
15,162,5,27.85
15,162,6,28.32
15,163,0,31.74
15,163,1,39.02
15,163,2,39.56
15,163,3,39.89
15,163,4,31.35
15,163,5,29.89
15,163,6,25.19
15,164,0,20.59
15,164,1,26.22
15,164,2,27.59
15,164,3,27.62
15,164,4,21.67
15,164,5,20.99
15,164,6,16.71
15,170,0,30.38
15,170,1,37.58
15,170,2,38.53
15,170,3,37.67
15,170,4,28.61
15,170,5,25.09
15,170,6,21.57
15,211,0,2.7
15,211,1,3.15
15,211,2,3.2
15,211,3,3.13
15,211,4,3.35
15,211,5,4.38
15,211,6,3.91
15,224,0,0.74
15,224,1,1.01
15,224,2,1.04
15,224,3,1.13
15,224,4,1.04
15,224,5,0.93
15,224,6,0.84
15,229,0,14.82
15,229,1,18.55
15,229,2,18.79
15,229,3,18.01
15,229,4,15.78
15,229,5,15.17
15,229,6,13.54
15,233,0,11.38
15,233,1,13.83
15,233,2,13.94
15,233,3,14.99
15,233,4,12.05
15,233,5,8.57
15,233,6,8.94
15,234,0,24.9
15,234,1,32.84
15,234,2,35.83
15,234,3,34.38
15,234,4,29.16
15,234,5,30.66
15,234,6,23.59
15,236,0,62.34
15,236,1,72.7
15,236,2,68.73
15,236,3,69.14
15,236,4,59.08
15,236,5,42.26
15,236,6,37.72
15,237,0,62.98
15,237,1,77.72
15,237,2,75.79
15,237,3,75.23
15,237,4,56.9
15,237,5,52.13
15,237,6,41.11
15,239,0,29.2
15,239,1,35.87
15,239,2,33.76
15,239,3,33.75
15,239,4,31.97
15,239,5,33.33
15,239,6,33.46
15,249,0,10.13
15,249,1,12.85
15,249,2,13.18
15,249,3,13.57
15,249,4,13.76
15,249,5,20.55
15,249,6,15.72
15,263,0,17.23
15,263,1,19.73
15,263,2,20.21
15,263,3,19.48
15,263,4,18.28
15,263,5,17.59
15,263,6,16.74
16,43,0,26.55
16,43,1,29.24
16,43,2,19.94
16,43,3,31.86
16,43,4,28.25
16,43,5,31.39
16,43,6,26.19
16,48,0,17.01
16,48,1,18.91
16,48,2,24.63
16,48,3,19.7
16,48,4,18.09
16,48,5,24.85
16,48,6,22.57
16,68,0,26.35
16,68,1,29.96
16,68,2,31.32
16,68,3,30.15
16,68,4,26.53
16,68,5,31.15
16,68,6,27.72
16,79,0,8.91
16,79,1,10.32
16,79,2,11.29
16,79,3,11.49
16,79,4,13.69
16,79,5,18.49
16,79,6,15.71
16,90,0,13.11
16,90,1,17.63
16,90,2,17.16
16,90,3,17.08
16,90,4,15.63
16,90,5,18.59
16,90,6,14.97
16,107,0,14.27
16,107,1,18.84
16,107,2,19.36
16,107,3,20.79
16,107,4,17.93
16,107,5,18.01
16,107,6,15.93
16,113,0,11.92
16,113,1,13.8
16,113,2,14.26
16,113,3,14.94
16,113,4,13.43
16,113,5,15.92
16,113,6,13.87
16,132,0,77.27
16,132,1,74.16
16,132,2,66.23
16,132,3,65.04
16,132,4,62.76
16,132,5,60.07
16,132,6,74.23
16,137,0,11.67
16,137,1,13.06
16,137,2,13.19
16,137,3,12.8
16,137,4,11.17
16,137,5,8.48
16,137,6,7.32
16,138,0,44.25
16,138,1,45.3
16,138,2,44.06
16,138,3,44.24
16,138,4,44.87
16,138,5,32.73
16,138,6,47.95
16,141,0,22.37
16,141,1,26.28
16,141,2,25.41
16,141,3,23.98
16,141,4,22.25
16,141,5,21.32
16,141,6,20.0
16,142,0,31.04
16,142,1,33.85
16,142,2,35.69
16,142,3,35.62
16,142,4,30.67
16,142,5,40.35
16,142,6,31.18
16,143,0,12.66
16,143,1,14.2
16,143,2,13.7
16,143,3,13.33
16,143,4,10.07
16,143,5,9.51
16,143,6,9.71
16,144,0,7.58
16,144,1,8.26
16,144,2,8.15
16,144,3,8.65
16,144,4,8.67
16,144,5,11.58
16,144,6,9.97
16,151,0,7.0
16,151,1,8.28
16,151,2,7.92
16,151,3,7.81
16,151,4,8.47
16,151,5,8.12
16,151,6,7.76
16,161,0,60.73
16,161,1,75.69
16,161,2,74.46
16,161,3,73.72
16,161,4,58.8
16,161,5,51.14
16,161,6,37.45
16,162,0,40.16
16,162,1,48.76
16,162,2,47.92
16,162,3,47.54
16,162,4,36.45
16,162,5,30.31
16,162,6,29.65
16,163,0,33.37
16,163,1,42.75
16,163,2,41.06
16,163,3,42.94
16,163,4,33.66
16,163,5,29.76
16,163,6,25.13
16,164,0,22.2
16,164,1,28.48
16,164,2,28.64
16,164,3,28.12
16,164,4,22.08
16,164,5,20.98
16,164,6,16.94
16,170,0,32.07
16,170,1,39.28
16,170,2,40.52
16,170,3,38.79
16,170,4,29.65
16,170,5,24.7
16,170,6,22.05
16,211,0,2.79
16,211,1,3.44
16,211,2,3.5
16,211,3,3.06
16,211,4,3.23
16,211,5,5.14
16,211,6,4.36
16,224,0,0.52
16,224,1,0.86
16,224,2,0.83
16,224,3,1.07
16,224,4,1.18
16,224,5,0.96
16,224,6,0.98
16,229,0,15.24
16,229,1,17.53
16,229,2,17.95
16,229,3,18.35
16,229,4,14.86
16,229,5,14.79
16,229,6,13.43
16,233,0,11.75
16,233,1,13.94
16,233,2,15.17
16,233,3,15.82
16,233,4,12.78
16,233,5,10.08
16,233,6,10.01
16,234,0,25.52
16,234,1,35.26
16,234,2,36.6
16,234,3,36.07
16,234,4,28.49
16,234,5,29.52
16,234,6,22.32
16,236,0,56.61
16,236,1,63.58
16,236,2,59.64
16,236,3,64.13
16,236,4,47.56
16,236,5,38.09
16,236,6,35.43
16,237,0,59.59
16,237,1,73.12
16,237,2,71.44
16,237,3,71.31
16,237,4,54.46
16,237,5,51.34
16,237,6,40.75
16,239,0,28.91
16,239,1,33.1
16,239,2,31.75
16,239,3,32.61
16,239,4,30.08
16,239,5,31.01
16,239,6,29.57
16,249,0,9.84
16,249,1,12.68
16,249,2,12.24
16,249,3,13.66
16,249,4,13.25
16,249,5,21.21
16,249,6,16.51
16,263,0,16.31
16,263,1,18.81
16,263,2,18.71
16,263,3,18.55
16,263,4,16.87
16,263,5,15.31
16,263,6,16.2
17,43,0,22.3
17,43,1,24.96
17,43,2,21.48
17,43,3,25.17
17,43,4,26.85
17,43,5,29.59
17,43,6,18.93
17,48,0,20.29
17,48,1,24.06
17,48,2,27.12
17,48,3,23.99
17,48,4,22.02
17,48,5,26.35
17,48,6,25.86
17,68,0,27.7
17,68,1,35.75
17,68,2,38.35
17,68,3,35.77
17,68,4,30.18
17,68,5,30.01
17,68,6,28.32
17,79,0,11.38
17,79,1,12.91
17,79,2,12.88
17,79,3,14.89
17,79,4,15.96
17,79,5,21.94
17,79,6,16.17
17,90,0,15.97
17,90,1,19.24
17,90,2,20.39
17,90,3,19.32
17,90,4,18.21
17,90,5,19.33
17,90,6,15.72
17,107,0,17.4
17,107,1,23.17
17,107,2,23.44
17,107,3,24.91
17,107,4,20.86
17,107,5,19.05
17,107,6,16.45
17,113,0,13.48
17,113,1,16.33
17,113,2,17.13
17,113,3,16.58
17,113,4,15.08
17,113,5,16.43
17,113,6,13.53
17,132,0,70.13
17,132,1,66.16
17,132,2,65.43
17,132,3,57.86
17,132,4,60.07
17,132,5,54.8
17,132,6,64.85
17,137,0,11.59
17,137,1,14.24
17,137,2,15.3
17,137,3,15.22
17,137,4,12.69
17,137,5,8.7
17,137,6,6.63
17,138,0,42.94
17,138,1,45.49
17,138,2,44.04
17,138,3,43.93
17,138,4,41.04
17,138,5,25.17
17,138,6,42.32
17,141,0,25.75
17,141,1,29.49
17,141,2,30.1
17,141,3,28.45
17,141,4,27.09
17,141,5,24.36
17,141,6,19.82
17,142,0,36.45
17,142,1,39.03
17,142,2,42.48
17,142,3,43.21
17,142,4,35.99
17,142,5,38.17
17,142,6,33.2
17,143,0,12.47
17,143,1,14.53
17,143,2,14.51
17,143,3,14.08
17,143,4,11.82
17,143,5,10.5
17,143,6,9.53
17,144,0,7.71
17,144,1,8.72
17,144,2,9.62
17,144,3,9.7
17,144,4,10.26
17,144,5,12.79
17,144,6,10.42
17,151,0,9.01
17,151,1,9.16
17,151,2,9.18
17,151,3,10.23
17,151,4,10.51
17,151,5,9.15
17,151,6,7.93
17,161,0,69.84
17,161,1,87.97
17,161,2,86.97
17,161,3,80.68
17,161,4,65.1
17,161,5,54.46
17,161,6,40.43
17,162,0,48.28
17,162,1,66.16
17,162,2,64.48
17,162,3,61.5
17,162,4,46.15
17,162,5,33.96
17,162,6,31.54
17,163,0,39.48
17,163,1,51.47
17,163,2,49.21
17,163,3,48.16
17,163,4,37.0
17,163,5,32.39
17,163,6,24.23
17,164,0,25.7
17,164,1,33.58
17,164,2,34.98
17,164,3,33.15
17,164,4,25.2
17,164,5,23.26
17,164,6,17.65
17,170,0,35.06
17,170,1,45.93
17,170,2,46.43
17,170,3,44.22
17,170,4,32.9
17,170,5,26.92
17,170,6,22.42
17,211,0,3.49
17,211,1,3.82
17,211,2,4.24
17,211,3,4.23
17,211,4,3.95
17,211,5,5.45
17,211,6,4.3
17,224,0,0.76
17,224,1,0.9
17,224,2,0.81
17,224,3,1.1
17,224,4,1.37
17,224,5,1.57
17,224,6,0.85
17,229,0,18.59
17,229,1,23.61
17,229,2,23.81
17,229,3,24.61
17,229,4,21.35
17,229,5,17.68
17,229,6,13.87
17,233,0,14.08
17,233,1,18.31
17,233,2,19.18
17,233,3,18.73
17,233,4,14.58
17,233,5,11.19
17,233,6,9.38
17,234,0,31.08
17,234,1,41.17
17,234,2,42.56
17,234,3,42.63
17,234,4,30.4
17,234,5,30.54
17,234,6,22.05
17,236,0,57.24
17,236,1,65.28
17,236,2,65.73
17,236,3,67.6
17,236,4,52.54
17,236,5,42.1
17,236,6,33.72
17,237,0,61.69
17,237,1,75.91
17,237,2,78.33
17,237,3,76.55
17,237,4,59.12
17,237,5,50.99
17,237,6,36.9
17,239,0,32.67
17,239,1,35.62
17,239,2,36.92
17,239,3,37.56
17,239,4,35.0
17,239,5,33.6
17,239,6,28.23
17,249,0,12.71
17,249,1,14.67
17,249,2,16.45
17,249,3,16.21
17,249,4,16.37
17,249,5,22.41
17,249,6,17.1
17,263,0,17.31
17,263,1,20.53
17,263,2,21.45
17,263,3,22.0
17,263,4,20.53
17,263,5,17.84
17,263,6,15.51
18,43,0,17.03
18,43,1,20.9
18,43,2,21.17
18,43,3,20.68
18,43,4,23.6
18,43,5,24.47
18,43,6,13.03
18,48,0,23.07
18,48,1,28.06
18,48,2,31.56
18,48,3,29.67
18,48,4,26.85
18,48,5,26.75
18,48,6,27.41
18,68,0,32.23
18,68,1,40.59
18,68,2,41.7
18,68,3,41.59
18,68,4,34.65
18,68,5,32.32
18,68,6,28.19
18,79,0,13.79
18,79,1,16.08
18,79,2,17.26
18,79,3,18.65
18,79,4,20.28
18,79,5,25.37
18,79,6,17.89
18,90,0,17.03
18,90,1,20.73
18,90,2,23.98
18,90,3,24.59
18,90,4,21.35
18,90,5,21.05
18,90,6,15.15
18,107,0,18.59
18,107,1,24.42
18,107,2,27.29
18,107,3,28.25
18,107,4,25.24
18,107,5,21.19
18,107,6,14.98
18,113,0,14.97
18,113,1,17.99
18,113,2,19.57
18,113,3,19.25
18,113,4,17.64
18,113,5,16.83
18,113,6,12.48
18,132,0,60.08
18,132,1,61.38
18,132,2,58.5
18,132,3,56.58
18,132,4,57.18
18,132,5,50.59
18,132,6,62.32
18,137,0,10.96
18,137,1,13.8
18,137,2,14.94
18,137,3,14.94
18,137,4,14.03
18,137,5,9.78
18,137,6,7.14
18,138,0,46.4
18,138,1,44.5
18,138,2,44.18
18,138,3,46.68
18,138,4,40.52
18,138,5,24.86
18,138,6,48.79
18,141,0,25.4
18,141,1,31.97
18,141,2,31.51
18,141,3,32.77
18,141,4,30.16
18,141,5,27.0
18,141,6,19.61
18,142,0,37.26
18,142,1,45.18
18,142,2,46.55
18,142,3,46.54
18,142,4,38.62
18,142,5,40.47
18,142,6,33.88
18,143,0,12.64
18,143,1,14.49
18,143,2,15.2
18,143,3,15.64
18,143,4,13.31
18,143,5,11.42
18,143,6,9.88
18,144,0,8.75
18,144,1,10.47
18,144,2,11.43
18,144,3,11.24
18,144,4,11.4
18,144,5,12.28
18,144,6,9.34
18,151,0,8.25
18,151,1,10.6
18,151,2,10.27
18,151,3,10.29
18,151,4,11.49
18,151,5,8.33
18,151,6,6.7
18,161,0,74.71
18,161,1,100.0
18,161,2,92.05
18,161,3,83.47
18,161,4,63.39
18,161,5,48.6
18,161,6,39.78
18,162,0,54.64
18,162,1,70.02
18,162,2,68.38
18,162,3,62.96
18,162,4,45.07
18,162,5,33.94
18,162,6,32.37
18,163,0,41.67
18,163,1,58.5
18,163,2,56.41
18,163,3,54.42
18,163,4,41.68
18,163,5,31.66
18,163,6,24.66
18,164,0,27.53
18,164,1,37.53
18,164,2,38.11
18,164,3,35.23
18,164,4,28.23
18,164,5,23.91
18,164,6,19.01
18,170,0,35.13
18,170,1,49.83
18,170,2,50.39
18,170,3,48.07
18,170,4,37.81
18,170,5,29.36
18,170,6,25.16
18,211,0,3.73
18,211,1,4.54
18,211,2,5.02
18,211,3,4.72
18,211,4,4.16
18,211,5,5.76
18,211,6,3.77
18,224,0,0.86
18,224,1,1.11
18,224,2,1.02
18,224,3,1.46
18,224,4,1.26
18,224,5,1.39
18,224,6,0.91
18,229,0,21.97
18,229,1,27.31
18,229,2,29.71
18,229,3,29.24
18,229,4,23.89
18,229,5,20.69
18,229,6,15.67
18,233,0,14.55
18,233,1,20.24
18,233,2,21.1
18,233,3,20.89
18,233,4,16.87
18,233,5,12.3
18,233,6,9.41
18,234,0,33.57
18,234,1,46.31
18,234,2,47.47
18,234,3,46.15
18,234,4,33.77
18,234,5,29.75
18,234,6,20.13
18,236,0,53.2
18,236,1,67.11
18,236,2,68.43
18,236,3,64.87
18,236,4,51.35
18,236,5,43.55
18,236,6,28.9
18,237,0,63.21
18,237,1,79.14
18,237,2,83.41
18,237,3,77.31
18,237,4,57.8
18,237,5,48.76
18,237,6,34.1
18,239,0,31.51
18,239,1,34.27
18,239,2,36.9
18,239,3,38.34
18,239,4,32.55
18,239,5,29.15
18,239,6,24.43
18,249,0,14.81
18,249,1,17.93
18,249,2,20.33
18,249,3,21.6
18,249,4,19.9
18,249,5,28.08
18,249,6,18.62
18,263,0,18.34
18,263,1,21.85
18,263,2,22.04
18,263,3,22.51
18,263,4,21.95
18,263,5,20.88
18,263,6,15.74
19,43,0,13.39
19,43,1,16.11
19,43,2,16.71
19,43,3,16.02
19,43,4,19.88
19,43,5,22.26
19,43,6,8.03
19,48,0,20.25
19,48,1,26.57
19,48,2,28.74
19,48,3,26.61
19,48,4,26.82
19,48,5,29.07
19,48,6,23.65
19,68,0,27.05
19,68,1,33.76
19,68,2,36.99
19,68,3,38.4
19,68,4,33.52
19,68,5,31.19
19,68,6,25.65
19,79,0,12.92
19,79,1,17.22
19,79,2,20.0
19,79,3,21.69
19,79,4,24.14
19,79,5,29.81
19,79,6,18.1
19,90,0,14.11
19,90,1,19.76
19,90,2,23.15
19,90,3,21.77
19,90,4,18.98
19,90,5,21.76
19,90,6,13.65
19,107,0,17.89
19,107,1,21.94
19,107,2,26.23
19,107,3,26.19
19,107,4,24.39
19,107,5,24.52
19,107,6,15.56
19,113,0,12.29
19,113,1,17.87
19,113,2,19.5
19,113,3,18.08
19,113,4,16.63
19,113,5,17.62
19,113,6,12.43
19,132,0,69.02
19,132,1,67.73
19,132,2,68.88
19,132,3,63.7
19,132,4,58.74
19,132,5,55.9
19,132,6,69.93
19,137,0,9.74
19,137,1,12.84
19,137,2,13.96
19,137,3,14.3
19,137,4,14.94
19,137,5,11.66
19,137,6,7.86
19,138,0,44.99
19,138,1,40.4
19,138,2,43.43
19,138,3,41.88
19,138,4,37.69
19,138,5,22.61
19,138,6,47.54
19,141,0,22.29
19,141,1,27.66
19,141,2,28.97
19,141,3,27.57
19,141,4,27.93
19,141,5,28.57
19,141,6,18.47
19,142,0,31.26
19,142,1,39.88
19,142,2,42.7
19,142,3,38.71
19,142,4,35.19
19,142,5,41.25
19,142,6,29.72
19,143,0,7.88
19,143,1,10.2
19,143,2,11.2
19,143,3,10.79
19,143,4,10.1
19,143,5,10.31
19,143,6,7.21
19,144,0,8.99
19,144,1,10.86
19,144,2,11.77
19,144,3,12.09
19,144,4,12.42
19,144,5,12.85
19,144,6,8.74
19,151,0,5.82
19,151,1,7.59
19,151,2,7.24
19,151,3,6.51
19,151,4,7.07
19,151,5,7.79
19,151,6,4.76
19,161,0,63.67
19,161,1,88.31
19,161,2,89.87
19,161,3,83.78
19,161,4,54.12
19,161,5,42.79
19,161,6,28.73
19,162,0,46.15
19,162,1,59.65
19,162,2,60.32
19,162,3,60.07
19,162,4,42.49
19,162,5,33.14
19,162,6,28.71
19,163,0,34.77
19,163,1,46.02
19,163,2,48.28
19,163,3,46.46
19,163,4,33.51
19,163,5,32.02
19,163,6,19.67
19,164,0,24.19
19,164,1,33.08
19,164,2,36.06
19,164,3,34.28
19,164,4,27.23
19,164,5,25.51
19,164,6,17.58
19,170,0,29.78
19,170,1,42.52
19,170,2,44.7
19,170,3,44.71
19,170,4,36.36
19,170,5,30.25
19,170,6,22.88
19,211,0,2.96
19,211,1,4.7
19,211,2,5.05
19,211,3,4.29
19,211,4,4.38
19,211,5,5.65
19,211,6,2.87
19,224,0,0.52
19,224,1,0.75
19,224,2,0.89
19,224,3,0.73
19,224,4,1.11
19,224,5,1.15
19,224,6,0.85
19,229,0,16.75
19,229,1,24.16
19,229,2,26.27
19,229,3,25.16
19,229,4,21.59
19,229,5,20.48
19,229,6,12.79
19,233,0,12.04
19,233,1,15.16
19,233,2,16.71
19,233,3,18.7
19,233,4,16.5
19,233,5,13.03
19,233,6,7.62
19,234,0,28.18
19,234,1,42.28
19,234,2,46.08
19,234,3,44.19
19,234,4,32.85
19,234,5,31.48
19,234,6,19.22
19,236,0,38.35
19,236,1,48.27
19,236,2,47.07
19,236,3,47.17
19,236,4,41.48
19,236,5,37.6
19,236,6,21.62
19,237,0,49.16
19,237,1,63.11
19,237,2,71.87
19,237,3,66.09
19,237,4,47.64
19,237,5,44.43
19,237,6,26.68
19,239,0,23.84
19,239,1,29.22
19,239,2,31.08
19,239,3,28.43
19,239,4,27.66
19,239,5,28.87
19,239,6,20.31
19,249,0,15.53
19,249,1,21.26
19,249,2,23.3
19,249,3,23.63
19,249,4,23.54
19,249,5,33.13
19,249,6,19.95
19,263,0,15.11
19,263,1,19.6
19,263,2,19.73
19,263,3,19.09
19,263,4,20.52
19,263,5,21.94
19,263,6,15.26
20,43,0,12.4
20,43,1,14.86
20,43,2,15.18
20,43,3,14.65
20,43,4,17.71
20,43,5,19.13
20,43,6,6.3
20,48,0,20.72
20,48,1,28.33
20,48,2,31.14
20,48,3,30.25
20,48,4,23.92
20,48,5,24.26
20,48,6,23.98
20,68,0,27.35
20,68,1,35.09
20,68,2,36.68
20,68,3,36.4
20,68,4,27.31
20,68,5,27.83
20,68,6,24.41
20,79,0,14.99
20,79,1,21.44
20,79,2,24.11
20,79,3,24.84
20,79,4,25.24
20,79,5,30.31
20,79,6,18.67
20,90,0,12.71
20,90,1,17.81
20,90,2,21.04
20,90,3,19.07
20,90,4,16.65
20,90,5,17.88
20,90,6,11.55
20,107,0,16.91
20,107,1,24.83
20,107,2,25.62
20,107,3,25.56
20,107,4,21.71
20,107,5,21.62
20,107,6,13.92
20,113,0,13.7
20,113,1,18.25
20,113,2,20.0
20,113,3,18.84
20,113,4,15.82
20,113,5,16.88
20,113,6,10.77
20,132,0,74.1
20,132,1,68.8
20,132,2,63.58
20,132,3,62.8
20,132,4,58.16
20,132,5,58.46
20,132,6,72.36
20,137,0,6.91
20,137,1,9.43
20,137,2,11.01
20,137,3,11.3
20,137,4,10.77
20,137,5,9.08
20,137,6,6.73
20,138,0,48.85
20,138,1,44.51
20,138,2,45.08
20,138,3,46.97
20,138,4,38.78
20,138,5,16.7
20,138,6,55.65
20,141,0,19.82
20,141,1,24.78
20,141,2,25.42
20,141,3,24.72
20,141,4,21.56
20,141,5,22.34
20,141,6,16.18
20,142,0,31.08
20,142,1,40.98
20,142,2,43.93
20,142,3,40.52
20,142,4,31.3
20,142,5,31.54
20,142,6,27.2
20,143,0,6.25
20,143,1,7.56
20,143,2,8.42
20,143,3,8.75
20,143,4,6.68
20,143,5,6.82
20,143,6,5.99
20,144,0,8.48
20,144,1,11.24
20,144,2,12.97
20,144,3,11.86
20,144,4,11.16
20,144,5,12.94
20,144,6,8.47
20,151,0,4.14
20,151,1,4.58
20,151,2,5.71
20,151,3,5.69
20,151,4,5.18
20,151,5,5.35
20,151,6,4.04
20,161,0,54.6
20,161,1,78.98
20,161,2,82.5
20,161,3,75.21
20,161,4,37.69
20,161,5,32.47
20,161,6,24.54
20,162,0,41.84
20,162,1,54.47
20,162,2,56.07
20,162,3,52.33
20,162,4,28.2
20,162,5,25.89
20,162,6,26.8
20,163,0,30.5
20,163,1,40.37
20,163,2,43.59
20,163,3,38.99
20,163,4,24.22
20,163,5,21.03
20,163,6,18.07
20,164,0,21.6
20,164,1,31.13
20,164,2,34.66
20,164,3,33.25
20,164,4,22.75
20,164,5,22.94
20,164,6,16.98
20,170,0,26.76
20,170,1,36.74
20,170,2,40.99
20,170,3,38.31
20,170,4,26.96
20,170,5,25.38
20,170,6,19.87
20,211,0,2.74
20,211,1,4.03
20,211,2,5.15
20,211,3,3.86
20,211,4,3.72
20,211,5,4.38
20,211,6,2.3
20,224,0,0.39
20,224,1,0.85
20,224,2,0.67
20,224,3,0.9
20,224,4,0.97
20,224,5,0.95
20,224,6,0.67
20,229,0,14.6
20,229,1,22.15
20,229,2,23.81
20,229,3,23.12
20,229,4,16.94
20,229,5,16.6
20,229,6,11.99
20,233,0,10.61
20,233,1,12.94
20,233,2,15.15
20,233,3,14.81
20,233,4,12.32
20,233,5,10.29
20,233,6,6.98
20,234,0,26.96
20,234,1,40.64
20,234,2,46.3
20,234,3,42.57
20,234,4,28.56
20,234,5,28.81
20,234,6,18.65
20,236,0,29.92
20,236,1,36.63
20,236,2,39.58
20,236,3,37.23
20,236,4,30.9
20,236,5,25.03
20,236,6,19.24
20,237,0,43.69
20,237,1,62.76
20,237,2,61.78
20,237,3,57.5
20,237,4,36.82
20,237,5,33.13
20,237,6,24.11
20,239,0,20.09
20,239,1,24.91
20,239,2,27.85
20,239,3,25.0
20,239,4,20.66
20,239,5,22.39
20,239,6,18.09
20,249,0,19.78
20,249,1,26.93
20,249,2,29.06
20,249,3,29.12
20,249,4,27.31
20,249,5,35.37
20,249,6,20.81
20,263,0,14.17
20,263,1,17.97
20,263,2,19.04
20,263,3,17.73
20,263,4,16.47
20,263,5,17.54
20,263,6,13.87
21,43,0,10.89
21,43,1,12.63
21,43,2,15.55
21,43,3,13.19
21,43,4,12.1
21,43,5,12.64
21,43,6,5.22
21,48,0,22.64
21,48,1,37.66
21,48,2,35.83
21,48,3,36.94
21,48,4,30.09
21,48,5,28.97
21,48,6,24.65
21,68,0,25.85
21,68,1,33.08
21,68,2,37.61
21,68,3,36.07
21,68,4,27.01
21,68,5,26.77
21,68,6,22.91
21,79,0,17.9
21,79,1,27.74
21,79,2,31.43
21,79,3,32.96
21,79,4,31.58
21,79,5,36.49
21,79,6,18.48
21,90,0,13.19
21,90,1,19.23
21,90,2,22.08
21,90,3,21.02
21,90,4,16.99
21,90,5,18.98
21,90,6,10.88
21,107,0,16.74
21,107,1,25.36
21,107,2,29.82
21,107,3,28.59
21,107,4,22.27
21,107,5,22.95
21,107,6,13.16
21,113,0,13.06
21,113,1,20.04
21,113,2,22.82
21,113,3,21.58
21,113,4,18.37
21,113,5,19.5
21,113,6,10.76
21,132,0,73.59
21,132,1,63.52
21,132,2,67.07
21,132,3,59.82
21,132,4,56.98
21,132,5,56.52
21,132,6,75.46
21,137,0,5.54
21,137,1,8.46
21,137,2,9.49
21,137,3,9.19
21,137,4,8.53
21,137,5,8.92
21,137,6,5.17
21,138,0,45.57
21,138,1,39.77
21,138,2,35.91
21,138,3,40.55
21,138,4,33.95
21,138,5,17.44
21,138,6,53.55
21,141,0,16.9
21,141,1,21.58
21,141,2,24.26
21,141,3,23.97
21,141,4,20.46
21,141,5,21.28
21,141,6,12.48
21,142,0,33.79
21,142,1,53.74
21,142,2,57.14
21,142,3,59.93
21,142,4,39.67
21,142,5,41.95
21,142,6,24.46
21,143,0,5.17
21,143,1,6.08
21,143,2,7.8
21,143,3,7.46
21,143,4,6.62
21,143,5,7.27
21,143,6,4.16
21,144,0,8.17
21,144,1,11.63
21,144,2,12.98
21,144,3,13.5
21,144,4,11.41
21,144,5,12.86
21,144,6,6.94
21,151,0,3.01
21,151,1,3.77
21,151,2,3.96
21,151,3,3.73
21,151,4,4.64
21,151,5,4.46
21,151,6,2.91
21,161,0,51.44
21,161,1,75.62
21,161,2,72.64
21,161,3,71.71
21,161,4,36.54
21,161,5,31.45
21,161,6,22.33
21,162,0,33.01
21,162,1,45.29
21,162,2,49.91
21,162,3,45.84
21,162,4,22.9
21,162,5,23.38
21,162,6,23.98
21,163,0,28.36
21,163,1,40.17
21,163,2,43.46
21,163,3,38.43
21,163,4,23.06
21,163,5,22.17
21,163,6,17.32
21,164,0,21.72
21,164,1,28.34
21,164,2,33.52
21,164,3,31.85
21,164,4,21.03
21,164,5,21.1
21,164,6,14.61
21,170,0,23.06
21,170,1,32.68
21,170,2,38.17
21,170,3,35.37
21,170,4,21.77
21,170,5,22.61
21,170,6,15.57
21,211,0,2.39
21,211,1,4.43
21,211,2,4.61
21,211,3,4.28
21,211,4,3.41
21,211,5,3.77
21,211,6,2.22
21,224,0,0.51
21,224,1,0.61
21,224,2,0.79
21,224,3,0.95
21,224,4,0.64
21,224,5,0.88
21,224,6,0.65
21,229,0,12.65
21,229,1,21.56
21,229,2,22.86
21,229,3,22.21
21,229,4,16.3
21,229,5,15.55
21,229,6,9.94
21,233,0,8.73
21,233,1,11.91
21,233,2,13.82
21,233,3,13.02
21,233,4,9.41
21,233,5,8.32
21,233,6,5.02
21,234,0,24.72
21,234,1,39.15
21,234,2,42.48
21,234,3,41.54
21,234,4,27.04
21,234,5,28.19
21,234,6,16.25
21,236,0,22.94
21,236,1,30.87
21,236,2,31.21
21,236,3,29.07
21,236,4,23.7
21,236,5,22.73
21,236,6,13.32
21,237,0,40.12
21,237,1,61.53
21,237,2,67.54
21,237,3,61.12
21,237,4,40.23
21,237,5,31.75
21,237,6,19.16
21,239,0,20.56
21,239,1,24.13
21,239,2,30.77
21,239,3,24.86
21,239,4,23.79
21,239,5,25.05
21,239,6,15.48
21,249,0,22.47
21,249,1,34.15
21,249,2,39.23
21,249,3,38.18
21,249,4,35.18
21,249,5,42.0
21,249,6,21.93
21,263,0,12.0
21,263,1,17.34
21,263,2,18.26
21,263,3,17.9
21,263,4,15.89
21,263,5,16.64
21,263,6,11.31
22,43,0,5.7
22,43,1,8.59
22,43,2,13.28
22,43,3,11.73
22,43,4,8.1
22,43,5,8.69
22,43,6,3.23
22,48,0,17.38
22,48,1,31.94
22,48,2,42.65
22,48,3,39.73
22,48,4,38.16
22,48,5,40.36
22,48,6,20.46
22,68,0,19.97
22,68,1,28.44
22,68,2,32.04
22,68,3,30.46
22,68,4,27.81
22,68,5,26.63
22,68,6,19.76
22,79,0,15.76
22,79,1,29.8
22,79,2,35.23
22,79,3,40.0
22,79,4,40.59
22,79,5,46.55
22,79,6,16.78
22,90,0,10.3
22,90,1,17.13
22,90,2,18.44
22,90,3,20.98
22,90,4,18.18
22,90,5,19.05
22,90,6,8.29
22,107,0,12.71
22,107,1,22.03
22,107,2,24.8
22,107,3,26.5
22,107,4,23.41
22,107,5,25.74
22,107,6,9.03
22,113,0,9.69
22,113,1,17.33
22,113,2,19.46
22,113,3,19.82
22,113,4,18.55
22,113,5,18.39
22,113,6,7.54
22,132,0,75.52
22,132,1,63.92
22,132,2,64.41
22,132,3,58.55
22,132,4,57.46
22,132,5,58.7
22,132,6,82.26
22,137,0,4.3
22,137,1,6.85
22,137,2,8.16
22,137,3,9.39
22,137,4,9.47
22,137,5,9.71
22,137,6,4.21
22,138,0,42.68
22,138,1,33.95
22,138,2,31.51
22,138,3,33.24
22,138,4,29.71
22,138,5,17.42
22,138,6,44.99
22,141,0,11.7
22,141,1,15.96
22,141,2,18.33
22,141,3,18.94
22,141,4,19.93
22,141,5,19.31
22,141,6,8.47
22,142,0,26.75
22,142,1,45.92
22,142,2,52.18
22,142,3,46.33
22,142,4,51.95
22,142,5,54.24
22,142,6,16.88
22,143,0,3.61
22,143,1,4.7
22,143,2,6.82
22,143,3,7.01
22,143,4,6.41
22,143,5,6.88
22,143,6,3.0
22,144,0,6.91
22,144,1,11.33
22,144,2,12.54
22,144,3,14.37
22,144,4,13.86
22,144,5,13.89
22,144,6,5.89
22,151,0,1.57
22,151,1,2.58
22,151,2,2.7
22,151,3,3.19
22,151,4,4.04
22,151,5,4.3
22,151,6,2.07
22,161,0,32.29
22,161,1,54.1
22,161,2,60.6
22,161,3,60.38
22,161,4,42.36
22,161,5,40.98
22,161,6,17.7
22,162,0,21.45
22,162,1,33.66
22,162,2,39.36
22,162,3,41.61
22,162,4,22.78
22,162,5,21.72
22,162,6,15.36
22,163,0,22.46
22,163,1,33.6
22,163,2,39.73
22,163,3,36.32
22,163,4,25.25
22,163,5,21.69
22,163,6,12.92
22,164,0,16.18
22,164,1,26.82
22,164,2,32.69
22,164,3,30.41
22,164,4,24.35
22,164,5,24.34
22,164,6,12.74
22,170,0,17.52
22,170,1,25.83
22,170,2,31.24
22,170,3,30.92
22,170,4,21.46
22,170,5,20.97
22,170,6,13.27
22,211,0,2.23
22,211,1,3.89
22,211,2,4.88
22,211,3,4.54
22,211,4,4.46
22,211,5,4.72
22,211,6,1.53
22,224,0,0.36
22,224,1,0.59
22,224,2,0.7
22,224,3,0.87
22,224,4,0.7
22,224,5,1.06
22,224,6,0.32
22,229,0,9.0
22,229,1,15.02
22,229,2,17.21
22,229,3,18.22
22,229,4,15.64
22,229,5,14.55
22,229,6,6.86
22,233,0,5.44
22,233,1,8.8
22,233,2,9.8
22,233,3,9.98
22,233,4,8.08
22,233,5,8.16
22,233,6,4.19
22,234,0,18.76
22,234,1,33.86
22,234,2,36.98
22,234,3,35.84
22,234,4,30.14
22,234,5,30.2
22,234,6,13.21
22,236,0,10.71
22,236,1,17.95
22,236,2,17.97
22,236,3,19.43
22,236,4,19.36
22,236,5,17.99
22,236,6,7.0
22,237,0,23.17
22,237,1,39.38
22,237,2,48.05
22,237,3,50.56
22,237,4,35.07
22,237,5,31.57
22,237,6,11.61
22,239,0,13.46
22,239,1,18.69
22,239,2,23.87
22,239,3,24.67
22,239,4,24.1
22,239,5,25.22
22,239,6,10.08
22,249,0,19.87
22,249,1,32.52
22,249,2,39.41
22,249,3,40.41
22,249,4,45.72
22,249,5,47.78
22,249,6,17.83
22,263,0,8.28
22,263,1,11.66
22,263,2,14.7
22,263,3,15.03
22,263,4,16.03
22,263,5,18.42
22,263,6,7.84
23,43,0,2.44
23,43,1,3.98
23,43,2,5.24
23,43,3,5.88
23,43,4,5.9
23,43,5,6.36
23,43,6,1.81
23,48,0,14.24
23,48,1,22.63
23,48,2,28.65
23,48,3,32.17
23,48,4,36.62
23,48,5,40.24
23,48,6,14.54
23,68,0,12.23
23,68,1,18.84
23,68,2,21.92
23,68,3,23.44
23,68,4,26.2
23,68,5,26.46
23,68,6,12.98
23,79,0,11.46
23,79,1,20.12
23,79,2,26.35
23,79,3,36.54
23,79,4,51.43
23,79,5,57.49
23,79,6,11.48
23,90,0,7.59
23,90,1,12.43
23,90,2,14.41
23,90,3,16.94
23,90,4,18.76
23,90,5,18.77
23,90,6,5.71
23,107,0,7.27
23,107,1,12.54
23,107,2,15.08
23,107,3,21.22
23,107,4,24.33
23,107,5,26.09
23,107,6,6.19
23,113,0,5.89
23,113,1,10.75
23,113,2,12.04
23,113,3,15.03
23,113,4,17.33
23,113,5,18.64
23,113,6,4.64
23,132,0,69.66
23,132,1,60.77
23,132,2,55.17
23,132,3,54.44
23,132,4,51.39
23,132,5,55.24
23,132,6,75.64
23,137,0,3.54
23,137,1,5.14
23,137,2,5.54
23,137,3,7.51
23,137,4,10.26
23,137,5,10.35
23,137,6,3.62
23,138,0,47.34
23,138,1,35.88
23,138,2,34.34
23,138,3,36.34
23,138,4,31.19
23,138,5,18.2
23,138,6,49.55
23,141,0,5.75
23,141,1,7.42
23,141,2,8.91
23,141,3,12.71
23,141,4,15.4
23,141,5,17.21
23,141,6,5.01
23,142,0,13.68
23,142,1,28.5
23,142,2,22.77
23,142,3,23.82
23,142,4,37.51
23,142,5,36.84
23,142,6,11.1
23,143,0,1.61
23,143,1,2.26
23,143,2,2.47
23,143,3,3.9
23,143,4,4.95
23,143,5,5.13
23,143,6,1.78
23,144,0,4.64
23,144,1,8.11
23,144,2,9.52
23,144,3,14.31
23,144,4,15.17
23,144,5,16.96
23,144,6,3.62
23,151,0,1.08
23,151,1,1.38
23,151,2,1.21
23,151,3,1.77
23,151,4,2.8
23,151,5,2.6
23,151,6,1.04
23,161,0,15.99
23,161,1,26.65
23,161,2,34.56
23,161,3,37.46
23,161,4,28.37
23,161,5,34.73
23,161,6,8.52
23,162,0,11.85
23,162,1,18.19
23,162,2,20.8
23,162,3,23.07
23,162,4,18.56
23,162,5,19.78
23,162,6,9.06
23,163,0,11.16
23,163,1,17.48
23,163,2,22.31
23,163,3,23.57
23,163,4,20.64
23,163,5,20.71
23,163,6,7.34
23,164,0,11.77
23,164,1,21.36
23,164,2,25.27
23,164,3,27.1
23,164,4,27.12
23,164,5,27.51
23,164,6,9.34
23,170,0,9.35
23,170,1,14.4
23,170,2,17.76
23,170,3,21.26
23,170,4,19.86
23,170,5,21.87
23,170,6,6.95
23,211,0,1.2
23,211,1,2.58
23,211,2,3.73
23,211,3,4.41
23,211,4,5.65
23,211,5,5.29
23,211,6,1.31
23,224,0,0.22
23,224,1,0.4
23,224,2,0.61
23,224,3,0.65
23,224,4,0.89
23,224,5,1.24
23,224,6,0.22
23,229,0,5.52
23,229,1,8.43
23,229,2,10.09
23,229,3,12.9
23,229,4,12.41
23,229,5,12.8
23,229,6,4.12
23,233,0,2.81
23,233,1,4.22
23,233,2,5.27
23,233,3,6.75
23,233,4,6.57
23,233,5,7.13
23,233,6,2.47
23,234,0,10.14
23,234,1,19.84
23,234,2,24.51
23,234,3,28.42
23,234,4,27.86
23,234,5,27.84
23,234,6,7.84
23,236,0,4.08
23,236,1,6.02
23,236,2,6.99
23,236,3,8.77
23,236,4,10.11
23,236,5,10.68
23,236,6,2.98
23,237,0,8.72
23,237,1,15.51
23,237,2,19.6
23,237,3,22.47
23,237,4,22.19
23,237,5,23.01
23,237,6,5.88
23,239,0,5.28
23,239,1,7.32
23,239,2,8.91
23,239,3,10.8
23,239,4,15.16
23,239,5,16.71
23,239,6,4.1
23,249,0,14.2
23,249,1,26.88
23,249,2,33.15
23,249,3,43.85
23,249,4,55.21
23,249,5,54.58
23,249,6,12.73
23,263,0,4.55
23,263,1,6.97
23,263,2,8.59
23,263,3,10.26
23,263,4,14.19
23,263,5,16.21
23,263,6,4.26
